rank,sequence,length,net_charge,hydrophobicity,selectivity_index,toxicity_score,MIC_S_aureus,MIC_MRSA,MIC_P_acnes_pathogenic,MIC_S_epidermidis,MIC_C_acnes,MIC_Corynebacterium,MIC_Malassezia
1,HNHWHMNWKKKKAYAHKPGR,20,8.0,-0.4415,1.2649087687328917,0.0,9.489587747256989,10.699480307818478,8.416509309062958,13.601705250194838,12.063630360600861,15.335879845705348,8.249851258617467
2,RRTTHKHHCMSWRYKKAPHT,20,8.0,-0.5640000000000002,1.2649087687328917,0.0,10.088994446000264,11.375309473467105,8.948135360083532,14.46085250278808,12.825625617075204,16.3045656680473,8.770950408523142
3,HNHWHMNWKKKKAYAHKPGR,20,8.0,-0.4415,1.2649087687328917,0.0,9.489587747256989,10.699480307818478,8.416509309062958,13.601705250194838,12.063630360600861,15.335879845705348,8.249851258617467
4,RRTTHKHHCMSWRYKKAPHT,20,8.0,-0.5640000000000002,1.2649087687328917,0.0,10.088994446000264,11.375309473467105,8.948135360083532,14.46085250278808,12.825625617075204,16.3045656680473,8.770950408523142
5,HNHWHMNWKKKKAYAHKPGR,20,8.0,-0.4415,1.2649087687328917,0.0,9.489587747256989,10.699480307818478,8.416509309062958,13.601705250194838,12.063630360600861,15.335879845705348,8.249851258617467
6,RRTTHKHHCMSWRYKKAPHT,20,8.0,-0.5640000000000002,1.2649087687328917,0.0,10.088994446000264,11.375309473467105,8.948135360083532,14.46085250278808,12.825625617075204,16.3045656680473,8.770950408523142
7,HNHWHMNWKKKKAYAHKPGR,20,8.0,-0.4415,1.2649087687328917,0.0,9.489587747256989,10.699480307818478,8.416509309062958,13.601705250194838,12.063630360600861,15.335879845705348,8.249851258617467
8,RRTTHKHHCMSWRYKKAPHT,20,8.0,-0.5640000000000002,1.2649087687328917,0.0,10.088994446000264,11.375309473467105,8.948135360083532,14.46085250278808,12.825625617075204,16.3045656680473,8.770950408523142
9,HNHWHMNWKKKKAYAHKPGR,20,8.0,-0.4415,1.2649087687328917,0.0,9.489587747256989,10.699480307818478,8.416509309062958,13.601705250194838,12.063630360600861,15.335879845705348,8.249851258617467
10,RRTTHKHHCMSWRYKKAPHT,20,8.0,-0.5640000000000002,1.2649087687328917,0.0,10.088994446000264,11.375309473467105,8.948135360083532,14.46085250278808,12.825625617075204,16.3045656680473,8.770950408523142
11,HNHWHMNWKKKKAYAHKPGR,20,8.0,-0.4415,1.2649087687328917,0.0,9.489587747256989,10.699480307818478,8.416509309062958,13.601705250194838,12.063630360600861,15.335879845705348,8.249851258617467
12,RRTTHKHHCMSWRYKKAPHT,20,8.0,-0.5640000000000002,1.2649087687328917,0.0,10.088994446000264,11.375309473467105,8.948135360083532,14.46085250278808,12.825625617075204,16.3045656680473,8.770950408523142
13,HNHWHMNWKKKKAYAHKPGR,20,8.0,-0.4415,1.2649087687328917,0.0,9.489587747256989,10.699480307818478,8.416509309062958,13.601705250194838,12.063630360600861,15.335879845705348,8.249851258617467
14,RRTTHKHHCMSWRYKKAPHT,20,8.0,-0.5640000000000002,1.2649087687328917,0.0,10.088994446000264,11.375309473467105,8.948135360083532,14.46085250278808,12.825625617075204,16.3045656680473,8.770950408523142
15,HNHWHMNWKKKKAYAHKPGR,20,8.0,-0.4415,1.2649087687328917,0.0,9.489587747256989,10.699480307818478,8.416509309062958,13.601705250194838,12.063630360600861,15.335879845705348,8.249851258617467
16,RRTTHKHHCMSWRYKKAPHT,20,8.0,-0.5640000000000002,1.2649087687328917,0.0,10.088994446000264,11.375309473467105,8.948135360083532,14.46085250278808,12.825625617075204,16.3045656680473,8.770950408523142
17,HNHWHMNWKKKKAYAHKPGR,20,8.0,-0.4415,1.2649087687328917,0.0,9.489587747256989,10.699480307818478,8.416509309062958,13.601705250194838,12.063630360600861,15.335879845705348,8.249851258617467
18,RRTTHKHHCMSWRYKKAPHT,20,8.0,-0.5640000000000002,1.2649087687328917,0.0,10.088994446000264,11.375309473467105,8.948135360083532,14.46085250278808,12.825625617075204,16.3045656680473,8.770950408523142
19,HNHWHMNWKKKKAYAHKPGR,20,8.0,-0.4415,1.2649087687328917,0.0,9.489587747256989,10.699480307818478,8.416509309062958,13.601705250194838,12.063630360600861,15.335879845705348,8.249851258617467
20,RRTTHKHHCMSWRYKKAPHT,20,8.0,-0.5640000000000002,1.2649087687328917,0.0,10.088994446000264,11.375309473467105,8.948135360083532,14.46085250278808,12.825625617075204,16.3045656680473,8.770950408523142
