epitope,protein,hxb2_start,length,n_hla_restrictions,hla_types,has_resistance_overlap,conservation_score,target_score,escape_velocity,hla_count,stability_score
TPQDLNTML,Gag,180.0,9,25,"A29, B*07:02, B*35:02, B*35:03, B*39:10",False,0.8951048951048952,2.237762237762238,0.1339618690844293,25,173.6570951669032
QVPLRPMTYK,Nef,73.0,10,19,"A*03:01, A*11, A*11:01, A*31, A*34",False,0.8951048951048952,1.7006993006993008,0.1319304398708392,19,133.86839368137342
YFPDWQNYT,Nef,120.0,9,19,"A*01, A1, A29, B*35:01, B*37:01",False,0.8951048951048952,1.7006993006993008,0.1319304398708392,19,133.86839368137342
YPLTFGWCF,Nef,135.0,9,19,"A*23, A2, A24, B*07:02, B*18:01",False,0.8951048951048952,1.7006993006993008,0.1319304398708392,19,133.86839368137342
AAVDLSHFL,Nef,83.0,9,19,"A*68:02, A2, A68, B*14:02, B*35:02",False,0.8951048951048952,1.7006993006993008,0.1319304398708392,19,133.86839368137342
RAIEAQQHL,Env,557.0,9,18,"B*15:01, B*15:03, B*49, B*51, B*51:01",False,0.8951048951048952,1.6111888111888115,0.1387581018753008,18,121.00181282958846
RPQVPLRPM,Nef,71.0,9,17,"B*07:02, B*35:01, B*35:02, B*35:03, B*39",False,0.8951048951048952,1.5216783216783218,0.1319304398708392,17,119.77698382017621
YPLTFGWCY,Nef,135.0,9,16,"A*23, B*07:02, B*18:01, B*35:01, B*35:02",False,0.8951048951048952,1.4321678321678324,0.1319304398708392,16,112.73127888957761
RYPLTFGW,Nef,134.0,8,16,"A*23, A*23:01, A*24:01, A*24:02, A23",False,0.8951048951048952,1.4321678321678324,0.1319304398708392,16,112.73127888957761
GHQAAMQML,Gag,193.0,9,16,"B*15, B*15:10, B*35:02, B*35:03, B*38",False,0.8951048951048952,1.4321678321678324,0.1339618690844293,16,111.14054090681805
ITLWQRPLV,Pol,59.0,9,15,"A*68:02, A*74:01, A19, A2, A28",True,0.8951048951048952,0.6713286713286715,0.1337924152612686,15,104.31704601904927
TAFTIPSI,Pol,283.0,8,15,"A*02:01, A*02:17, A*23, A24, A66",True,0.8951048951048952,0.6713286713286715,0.1337924152612686,15,104.31704601904927
SPAIFQSSM,Pol,311.0,9,15,"A*30, A*68:02, B*07:02, B*15:17, B*35:01",True,0.8951048951048952,0.6713286713286715,0.1337924152612686,15,104.31704601904927
HPVHAGPIA,Gag,216.0,9,15,"A*68:02, B*07:02, B*35:01, B*35:02, B*35:03",False,0.8951048951048952,1.342657342657343,0.1339618690844293,15,104.19425710014191
RLRPGGKKKY,Gag,20.0,10,15,"A*03:01, A*30, A*30:01, A3, A30",False,0.8951048951048952,1.342657342657343,0.1339618690844293,15,104.19425710014191
ISPRTLNAW,Gag,147.0,9,15,"B*15, B*35:02, B*35:03, B*53:01, B*57:01",False,0.8951048951048952,1.342657342657343,0.1339618690844293,15,104.19425710014191
RGPGRAFVTI,Env,311.0,10,15,"A*02:01, A*31, A2, A3, B*42:02",False,0.8951048951048952,1.342657342657343,0.1387581018753008,15,100.83484402465704
VPLRPMTY,Nef,74.0,8,14,"A*11, A3, B*35:01, B*35:02, B*35:03",False,0.8951048951048952,1.2531468531468533,0.1319304398708392,14,98.63986902838042
TPGPGVRYPL,Nef,128.0,10,14,"B*07:02, B*35:01, B*35:02, B*35:03, B*42:01",False,0.8951048951048952,1.2531468531468533,0.1319304398708392,14,98.63986902838042
WHLGQGVSI,Vif,79.0,9,12,"A*32, B*15:10, B*35:02, B*35:03, B*38",False,0.8951048951048952,1.074125874125874,0.1130799979886263,12,97.49756415424145
WASRELERF,Gag,36.0,9,14,"A*31, A66, B*35:01, B*35:02, B*35:03",False,0.8951048951048952,1.2531468531468533,0.1339618690844293,14,97.24797329346579
TRYPLTFGW,Nef,133.0,9,13,"A*23, A*68:02, A24, A29, A3",False,0.8951048951048952,1.1636363636363638,0.1319304398708392,13,91.59416409778181
TQGYFPDWQNY,Nef,117.0,11,13,"A*30, A*31, A29, A66, B*15",False,0.8951048951048952,1.1636363636363638,0.1319304398708392,13,91.59416409778181
LTFGWCFKL,Nef,137.0,9,13,"A*02:01, A*23, A*25, A*32, A*68:02",False,0.8951048951048952,1.1636363636363638,0.1319304398708392,13,91.59416409778181
VTDSQYALGI,Pol,651.0,10,13,"A24, B*14:02, B*15:03, B*35:02, B*35:03",False,0.8951048951048952,1.1636363636363638,0.1337924152612686,13,90.40810654984271
KIQNFRVYY,Pol,934.0,9,13,"A*01, A*03:01, A*11, A*11:01, A*29:02",False,0.8951048951048952,1.1636363636363638,0.1337924152612686,13,90.40810654984271
RAEQASQEV,Gag,305.0,9,13,"B*35:02, B*35:03, B*45, B*49, B*51:01",False,0.8951048951048952,1.1636363636363638,0.1339618690844293,13,90.30168948678966
EAVRHFPRI,Vpr,29.0,9,14,"A*68:02, A33, B*35:01, B*35:02, B*35:03",False,0.8951048951048952,1.2531468531468533,0.1456273794174194,14,89.95846394386422
TVYYGVPVWK,Env,37.0,10,13,"A*03:01, A*11, A*32, A*34, A*36",False,0.8951048951048952,1.1636363636363638,0.1387581018753008,13,87.39019815470277
ITKGLGISYGR,Tat,39.0,11,17,"A*01, A*11, A*25, A*31, A*68",False,0.8951048951048952,1.5216783216783218,0.1880450099706649,17,85.83907265584777
KRQEILDLWVY,Nef,105.0,11,12,"B*18:01, B*44:03, B*58:01, B13, B18",False,0.8951048951048952,1.074125874125874,0.1319304398708392,12,84.54845916718321
VRHFPRIWL,Vpr,31.0,9,13,"A*32, A*34, A*68:02, A29, B*27:02",False,0.8951048951048952,1.1636363636363638,0.1456273794174194,13,83.53285937644534
KLNWASQIY,Pol,418.0,9,12,"A*30, A*30:02, A24, A29, A30",False,0.8951048951048952,1.074125874125874,0.1337924152612686,12,83.45363681523942
YTAFTIPSI,Pol,282.0,9,12,"A*02:01, A*02:05, A*02:06, A*11, A2",True,0.8951048951048952,0.5370629370629371,0.1337924152612686,12,83.45363681523942
IVLPEKDSW,Pol,399.0,9,12,"B*35:01, B*35:02, B*35:03, B*35:08, B*53:01",True,0.8951048951048952,0.5370629370629371,0.1337924152612686,12,83.45363681523942
LPPVVAKEI,Pol,743.0,9,12,"A29, B*07:02, B*35:02, B*35:03, B*42:01",False,0.8951048951048952,1.074125874125874,0.1337924152612686,12,83.45363681523942
RLRPGGKKK,Gag,20.0,9,12,"A*03:01, A*30, A*74, A11, A3",False,0.8951048951048952,1.074125874125874,0.1339618690844293,12,83.35540568011353
YVDRFFKTL,Gag,296.0,9,12,"A*01:01, A*26:01, A26, B*07:02, B*15:03",False,0.8951048951048952,1.074125874125874,0.1339618690844293,12,83.35540568011353
ETINEEAAEW,Gag,203.0,10,12,"A*25, A*25:01, A*34, A*68:01, A25",False,0.8951048951048952,1.074125874125874,0.1339618690844293,12,83.35540568011353
IEIKDTKEAL,Gag,92.0,10,12,"A*01, A29, B*35:02, B*35:03, B*40:01",False,0.8951048951048952,1.074125874125874,0.1339618690844293,12,83.35540568011353
KAFSPEVIPMF,Gag,162.0,11,12,"B*48:01, B*57:01, B*57:02, B*57:03, B*58",False,0.8951048951048952,1.074125874125874,0.1339618690844293,12,83.35540568011353
TSTLQEQIGW,Gag,240.0,10,12,"A*68:02, A66, B*57:01, B*57:03, B*58",False,0.8951048951048952,1.074125874125874,0.1339618690844293,12,83.35540568011353
RSLYNTVATLY,Gag,76.0,11,12,"A*02:01, A*30, A*30:02, A2, A29",False,0.8951048951048952,1.074125874125874,0.1339618690844293,12,83.35540568011353
ISKKAKGWF,Vif,31.0,9,10,"B*35:01, B*35:02, B*35:03, B*35:08, B*53:01",False,0.8951048951048952,0.8951048951048952,0.1130799979886263,10,81.24797012853455
KEKGGLEGL,Nef,92.0,9,11,"B*35:02, B*35:03, B*40:01, B*40:02, B*44:03",False,0.8951048951048952,0.9846153846153848,0.1319304398708392,11,77.50275423658461
HTQGYFPDWQ,Nef,116.0,10,11,"A29, B*35:02, B*35:03, B*53:01, B*55",False,0.8951048951048952,0.9846153846153848,0.1319304398708392,11,77.50275423658461
PLTFGWCYKL,Nef,136.0,10,11,"A*02:01, A*32, A2, B*35:02, B*35:03",False,0.8951048951048952,0.9846153846153848,0.1319304398708392,11,77.50275423658461
HTQGYFPDW,Nef,116.0,9,11,"B*15:03, B*57:01, B*57:03, B*58, B*58:01",False,0.8951048951048952,0.9846153846153848,0.1319304398708392,11,77.50275423658461
EKEGKISKI,Pol,197.0,9,11,"A*68:02, B*35:01, B*35:02, B*35:03, B*35:08",True,0.8951048951048952,0.4923076923076924,0.1337924152612686,11,76.49916708063614
AEQASQDVKNW,Gag,306.0,11,11,"B*15:03, B*15:24, B*35:01, B*35:08, B*44:02",False,0.8951048951048952,0.9846153846153848,0.1339618690844293,11,76.4091218734374
QASQEVKNW,Gag,308.0,9,11,"B*35:01, B*35:08, B*53, B*53:01, B*57:01",False,0.8951048951048952,0.9846153846153848,0.1339618690844293,11,76.4091218734374
FPRIWLHGL,Vpr,34.0,9,11,"A29, B*07:02, B*15:10, B*39, B*42:01",False,0.8951048951048952,0.9846153846153848,0.1456273794174194,11,70.6816502416076
RRQDILDLWIY,Nef,105.0,11,10,"A29, B*35:02, B*35:03, B*53:01, B13",False,0.8951048951048952,0.8951048951048952,0.1319304398708392,10,70.457049305986
PIQKETWETW,Pol,547.0,10,10,"A*25, A*32, A*32:01, A24, A29",True,0.8951048951048952,0.4475524475524476,0.1337924152612686,10,69.54469734603285
AIFQSSMTK,Pol,313.0,9,10,"A*03:01, A*11, A*11:01, A*68:01, A03 supertype",True,0.8951048951048952,0.4475524475524476,0.1337924152612686,10,69.54469734603285
KQNPDIVIY,Pol,328.0,9,10,"A*30, A*30:02, A30, B*15:01, B*15:03",True,0.8951048951048952,0.4475524475524476,0.1337924152612686,10,69.54469734603285
SEGATPQDL,Gag,176.0,9,10,"B*35:02, B*35:03, B*40:01, B*53:01, B*55",False,0.8951048951048952,0.8951048951048952,0.1339618690844293,10,69.46283806676128
SPRTLNAWV,Gag,148.0,9,10,"A*68:02, A2, B*07:02, B*42:01, B*58:02",False,0.8951048951048952,0.8951048951048952,0.1339618690844293,10,69.46283806676128
EEKAFSPEV,Gag,160.0,9,10,"A*30, B*35:01, B*35:08, B*39, B*42:01",False,0.8951048951048952,0.8951048951048952,0.1339618690844293,10,69.46283806676128
TPQDLNMML,Gag,180.0,9,10,"B*07:02, B*42:01, B*42:02, B*53, B*53:01",False,0.8951048951048952,0.8951048951048952,0.1339618690844293,10,69.46283806676128
KYKLKHIVW,Gag,28.0,9,10,"A*23, A*24:02, A*68:02, A24, A29",False,0.8951048951048952,0.8951048951048952,0.1339618690844293,10,69.46283806676128
GLNKIVRMY,Gag,269.0,9,10,"B*15, B*15:01, B*35:02, B*35:03, B*53:01",False,0.8951048951048952,0.8951048951048952,0.1339618690844293,10,69.46283806676128
QELKNSAVSL,Env,805.0,10,10,"B*08:01, B*35:02, B*35:03, B*40:01, B*53:01",False,0.8951048951048952,0.8951048951048952,0.1387581018753008,10,67.22322934977136
SFNCGGEFF,Env,375.0,9,10,"A*23, B*15:16, B15, B40, B63",False,0.8951048951048952,0.8951048951048952,0.1387581018753008,10,67.22322934977136
RYLKDQQLL,Env,585.0,9,10,"A*23, A*23:01, A*24:02, A2, A23",False,0.8951048951048952,0.8951048951048952,0.1387581018753008,10,67.22322934977136
IPLGDAKLII,Vif,57.0,10,8,"A*30, A*74, B*51, B18, B51",False,0.8951048951048952,0.7160839160839162,0.1130799979886263,8,64.99837610282763
RILQQLLFI,Vpr,62.0,9,10,"A*02:01, A2, A2 supertype, A29, B13",False,0.8951048951048952,0.8951048951048952,0.1456273794174194,10,64.25604567418873
WRFDSRLAF,Nef,183.0,9,9,"A*30, A24, B*15, B*15:03, B*27:05",False,0.8951048951048952,0.8055944055944058,0.1319304398708392,9,63.41134437538741
AVDLSHFLK,Nef,84.0,9,9,"A*03:01, A*11, A*11:01, A11, A3",False,0.8951048951048952,0.8055944055944058,0.1319304398708392,9,63.41134437538741
FLKEKGGL,Nef,90.0,8,9,"A2, A3, B*08:01, B*35:01, B*35:08",False,0.8951048951048952,0.8055944055944058,0.1319304398708392,9,63.41134437538741
TPQVPLRPM,Nef,71.0,9,9,"A*30, A*34, A*68:02, B*07:02, B*78",False,0.8951048951048952,0.8055944055944058,0.1319304398708392,9,63.41134437538741
EEMNLPGRW,Pol,90.0,9,9,"A*68:02, B*35:02, B*35:03, B*44:02, B*44:03",True,0.8951048951048952,0.4027972027972029,0.1337924152612686,9,62.59022761142957
NPEIVIYQY,Pol,330.0,9,9,"B*35:01, B*35:02, B*35:03, B*35:08, B*42:01",True,0.8951048951048952,0.4027972027972029,0.1337924152612686,9,62.59022761142957
ILKEPVHGVY,Pol,464.0,10,9,"A2, B*15, B*15:01, B*15:10, B15",True,0.8951048951048952,0.4027972027972029,0.1337924152612686,9,62.59022761142957
VPLDEDFRKY,Pol,273.0,10,9,"A3, B*15:02, B*35:01, B*35:02, B*35:03",True,0.8951048951048952,0.4027972027972029,0.1337924152612686,9,62.59022761142957
KTAVQMAVF,Pol,888.0,9,9,"B*15:24, B*35:02, B*35:03, B*53:01, B*57:01",False,0.8951048951048952,0.8055944055944058,0.1337924152612686,9,62.59022761142957
ETFYVDGAANR,Pol,593.0,11,9,"A*34, A*68:01, A*68:02, A26, A33",False,0.8951048951048952,0.8055944055944058,0.1337924152612686,9,62.59022761142957
SLYNTVATL,Gag,77.0,9,9,"A*02:01, A*02:02, A*02:05, A*02:14, A2",False,0.8951048951048952,0.8055944055944058,0.1339618690844293,9,62.51655426008515
ACQGVGGPGHK,Gag,349.0,11,9,"A*11, A*11:01, A*11:03, A11, A3",False,0.8951048951048952,0.8055944055944058,0.1339618690844293,9,62.51655426008515
RDYVDRFYKTL,Gag,294.0,11,9,"A*26, A24, A26, B*44:02, B*70",False,0.8951048951048952,0.8055944055944058,0.1339618690844293,9,62.51655426008515
IRLRPGGKK,Gag,19.0,9,9,"A*30, A*68:02, A3, B*27:02, B*27:05",False,0.8951048951048952,0.8055944055944058,0.1339618690844293,9,62.51655426008515
KAVRLIKFLY,Rev,14.0,10,12,"A*23, B*15:03, B*35:01, B*35:02, B*35:03",False,0.8951048951048952,1.074125874125874,0.1851793825626373,12,61.481903684929115
GRRGWEALKY,Env,786.0,10,9,"A*80, B*15:40, B*27:05, B*35:02, B*35:03",False,0.8951048951048952,0.8055944055944058,0.1387581018753008,9,60.50090641479423
ERYLKDQQL,Env,584.0,9,9,"A*23, A*32, A24, A32, B*08:01",False,0.8951048951048952,0.8055944055944058,0.1387581018753008,9,60.50090641479423
VPVWKEATTT,Env,42.0,10,9,"A*68:02, B*35:02, B*35:03, B*39, B*53:01",False,0.8951048951048952,0.8055944055944058,0.1387581018753008,9,60.50090641479423
DTWAGVEAIIR,Vpr,52.0,11,9,"A*68:01, A*68:02, A68, B*35:02, B*35:03",False,0.8951048951048952,0.8055944055944058,0.1456273794174194,9,57.830441106769854
KTKPPLPSVKK,Vif,158.0,11,7,"A*03:01, A*30, A11, A3, B*78",False,0.8951048951048952,0.6265734265734266,0.1130799979886263,7,56.87357908997418
GAFDLSFFL,Nef,83.0,9,8,"A*02:05, A*02:06, A2, A3, B*15:17",False,0.8951048951048952,0.7160839160839162,0.1319304398708392,8,56.365639444788805
RMRRAEPAA,Nef,19.0,9,8,"A*25, B*15, B*15:01, B*55, B*58:01",False,0.8951048951048952,0.7160839160839162,0.1319304398708392,8,56.365639444788805
RRQDILDLWI,Nef,105.0,10,8,"A*30, B*27:05, B*50, B13, B27",False,0.8951048951048952,0.7160839160839162,0.1319304398708392,8,56.365639444788805
RRQDILDLWVY,Nef,105.0,11,8,"B*18:01, B13, B18, B27, B44",False,0.8951048951048952,0.7160839160839162,0.1319304398708392,8,56.365639444788805
YTPGPGIRY,Nef,127.0,9,8,"A*23, A24, B*35:02, B*35:03, B*53:01",False,0.8951048951048952,0.7160839160839162,0.1319304398708392,8,56.365639444788805
IAMESIVIW,Pol,530.0,9,8,"B*35:01, B*35:08, B*57:02, B*57:03, B*58",True,0.8951048951048952,0.3580419580419581,0.1337924152612686,8,55.63575787682628
IKLEPVHGVY,Pol,464.0,10,8,"A*68:02, A2, B*15, B*15:01, B*15:03",True,0.8951048951048952,0.3580419580419581,0.1337924152612686,8,55.63575787682628
YPGIKVRQL,Pol,426.0,9,8,"A*34, B*42:01, B*42:02, B*58:01, B40",True,0.8951048951048952,0.3580419580419581,0.1337924152612686,8,55.63575787682628
IETVPVKL,Pol,160.0,8,8,"B*15:02, B*35:02, B*35:03, B*40:01, B*53:01",True,0.8951048951048952,0.3580419580419581,0.1337924152612686,8,55.63575787682628
TVLDVGDAY,Pol,262.0,9,8,"B*15:02, B*35:01, B*35:02, B*35:03, B*53:01",True,0.8951048951048952,0.3580419580419581,0.1337924152612686,8,55.63575787682628
NPDIVIYQY,Pol,330.0,9,8,"A*36, B*35:01, B*35:02, B*35:03, B*53:01",True,0.8951048951048952,0.3580419580419581,0.1337924152612686,8,55.63575787682628
SPAIFQSSMTK,Pol,311.0,11,8,"A*11, A*11:01, A*68:01, A3, A33",True,0.8951048951048952,0.3580419580419581,0.1337924152612686,8,55.63575787682628
IYQEPFKNLK,Pol,496.0,10,8,"A*11, A*11:01, A11, A24, A29",False,0.8951048951048952,0.7160839160839162,0.1337924152612686,8,55.63575787682628
LPPIVAKEI,Pol,743.0,9,8,"B*07:05, B*42:01, B*51, B*51:01, B42",False,0.8951048951048952,0.7160839160839162,0.1337924152612686,8,55.63575787682628
THLEGKIIL,Pol,781.0,9,8,"A*31, B*15:10, B*15:17, B*38, B*39",False,0.8951048951048952,0.7160839160839162,0.1337924152612686,8,55.63575787682628
IPLTEEAEL,Pol,448.0,9,8,"B*07:02, B*15:01, B*35:01, B*51:01, B*53:01",True,0.8951048951048952,0.3580419580419581,0.1337924152612686,8,55.63575787682628
AEAMSQVTNS,Gag,364.0,10,8,"A29, B*39, B*40:02, B*42:01, B*45:01",False,0.8951048951048952,0.7160839160839162,0.1339618690844293,8,55.57027045340902
AEQASQEVKNWM,Gag,306.0,12,8,"B*35:01, B*35:08, B*58:01, B44, C*05",False,0.8951048951048952,0.7160839160839162,0.1339618690844293,8,55.57027045340902
FRDYVDRFF,Gag,293.0,9,8,"A29, B*42:02, B18, C*04, C*07",False,0.8951048951048952,0.7160839160839162,0.1339618690844293,8,55.57027045340902
LYNTVATLY,Gag,78.0,9,8,"A*29:02, A*30, A2, A29, B*44:03",False,0.8951048951048952,0.7160839160839162,0.1339618690844293,8,55.57027045340902
EVIPMFSAL,Gag,167.0,9,8,"A*25, A*26, A*26:01, A*26:02, A*26:03",False,0.8951048951048952,0.7160839160839162,0.1339618690844293,8,55.57027045340902
EIYKRWII,Gag,260.0,8,8,"A*34, A24, B*08:01, B*35:02, B*35:03",False,0.8951048951048952,0.7160839160839162,0.1339618690844293,8,55.57027045340902
KELYPLTSL,Gag,481.0,9,8,"B*35:02, B*35:03, B*40:01, B*53:01, B*55",False,0.8951048951048952,0.7160839160839162,0.1339618690844293,8,55.57027045340902
RLRPGGKKHY,Gag,20.0,10,8,"A*30, A*30:01, A*30:02, A3, B*42:01",False,0.8951048951048952,0.7160839160839162,0.1339618690844293,8,55.57027045340902
QAISPRTLNAW,Gag,145.0,11,8,"A*25, A*25:01, A25, B*35:01, B*35:08",False,0.8951048951048952,0.7160839160839162,0.1339618690844293,8,55.57027045340902
TSTLQEQIAW,Gag,240.0,10,8,"B*57:01, B*57:02, B*57:03, B*58, B*58:01",False,0.8951048951048952,0.7160839160839162,0.1339618690844293,8,55.57027045340902
KIRLRPGGKK,Gag,18.0,10,8,"A*03:01, A*11, A11, A3, B*27:05",False,0.8951048951048952,0.7160839160839162,0.1339618690844293,8,55.57027045340902
KIRLRPGGK,Gag,18.0,9,8,"A*03:01, A*30, A11, A3, A69",False,0.8951048951048952,0.7160839160839162,0.1339618690844293,8,55.57027045340902
SVITQACPK,Env,199.0,9,8,"A*11, A*11:01, A*23, A*34, A11",False,0.8951048951048952,0.7160839160839162,0.1387581018753008,8,53.778583479817094
KAYETEVHNVW,Env,59.0,11,8,"A*23, A*34, A*36, B*58, B*58:01",False,0.8951048951048952,0.7160839160839162,0.1387581018753008,8,53.778583479817094
RAIEAQQHM,Env,557.0,9,8,"A*34, B*15:16, B*52, B81, C*03",False,0.8951048951048952,0.7160839160839162,0.1387581018753008,8,53.778583479817094
LFCASDAKAY,Env,52.0,10,8,"A*23, A*24:02, A24, B38, B7",False,0.8951048951048952,0.7160839160839162,0.1387581018753008,8,53.778583479817094
FPRPWLHGL,Vpr,34.0,9,8,"A2, B*07:02, B*42:01, B*42:02, B*81:01",False,0.8951048951048952,0.7160839160839162,0.1456273794174194,8,51.40483653935098
AFHHVAREL,Nef,190.0,9,7,"A*02:01, A*02:02, A2, A24, A3",False,0.8951048951048952,0.6265734265734266,0.1319304398708392,7,49.31993451419021
RPMTYKAAL,Nef,77.0,9,7,"A*32, B*07:02, B*82, B18, B7",False,0.8951048951048952,0.6265734265734266,0.1319304398708392,7,49.31993451419021
LTFGWCFKLV,Nef,137.0,10,7,"A*23, A*32, A*68:02, A*80, A2",False,0.8951048951048952,0.6265734265734266,0.1319304398708392,7,49.31993451419021
YFPDWQNY,Nef,120.0,8,7,"A*29:02, A*30, A*30:02, A29, B*58:01",False,0.8951048951048952,0.6265734265734266,0.1319304398708392,7,49.31993451419021
RQDILDLWIY,Nef,106.0,10,7,"A29, B*15:02, B13, B18, B27",False,0.8951048951048952,0.6265734265734266,0.1319304398708392,7,49.31993451419021
FPVRPQVPL,Nef,68.0,9,7,"B*07:02, B*35:01, B35, B42, B7",False,0.8951048951048952,0.6265734265734266,0.1319304398708392,7,49.31993451419021
RIRTWKSLVK,Vif,17.0,10,6,"A*03:01, A*30:01, A29, A3, A66",False,0.8951048951048952,0.5370629370629371,0.1130799979886263,6,48.74878207712072
HPRVSSEVHI,Vif,48.0,10,6,"B*07:02, B*42:01, B*51, B18, B27",False,0.8951048951048952,0.5370629370629371,0.1130799979886263,6,48.74878207712072
KQNPDIVIYQY,Pol,328.0,11,7,"A*30, A24, B*15:01, B*15:03, B*35:02",True,0.8951048951048952,0.3132867132867133,0.1337924152612686,7,48.681288142222996
RMRGAHTNDV,Pol,511.0,10,7,"A*30, A*30:02, A30, B*35:02, B*35:03",True,0.8951048951048952,0.3132867132867133,0.1337924152612686,7,48.681288142222996
IEELRQHLL,Pol,357.0,9,7,"A*34, B*40:01, B*60, B*61, B40",True,0.8951048951048952,0.3132867132867133,0.1337924152612686,7,48.681288142222996
QIYAGIKVK,Pol,424.0,9,7,"A*03:01, A*11, A*11:01, A11, A3",True,0.8951048951048952,0.3132867132867133,0.1337924152612686,7,48.681288142222996
SPIETVPVKL,Pol,158.0,10,7,"A2, B*81:01, B42, B61, B7",True,0.8951048951048952,0.3132867132867133,0.1337924152612686,7,48.681288142222996
GAETFYVDGA,Pol,591.0,10,7,"A*68:02, A29, A68, A69, B*45",False,0.8951048951048952,0.6265734265734266,0.1337924152612686,7,48.681288142222996
LVGKLNWASQIY,Pol,415.0,12,7,"A*30, B*15:01, B*15:03, B*62, B15",False,0.8951048951048952,0.6265734265734266,0.1337924152612686,7,48.681288142222996
GPKVKQWPL,Pol,173.0,9,7,"B*08:01, B*42:02, B42, B7, B8",True,0.8951048951048952,0.3132867132867133,0.1337924152612686,7,48.681288142222996
LVWASRELERF,Gag,34.0,11,7,"A*30, A*30:02, A30, B*52, B*57:03",False,0.8951048951048952,0.6265734265734266,0.1339618690844293,7,48.623986646732895
FSPEVIPMF,Gag,164.0,9,7,"B*58, B*63, B57, B58, B63",False,0.8951048951048952,0.6265734265734266,0.1339618690844293,7,48.623986646732895
AEWDRVHPV,Gag,210.0,9,7,"A*23, B*35:02, B*35:03, B*40:02, B*53:01",False,0.8951048951048952,0.6265734265734266,0.1339618690844293,7,48.623986646732895
EVIPMFTAL,Gag,167.0,9,7,"A*26, A*26:01, A*26:02, A*26:03, A*26:38",False,0.8951048951048952,0.6265734265734266,0.1339618690844293,7,48.623986646732895
KETINEEAA,Gag,202.0,9,7,"A24, B*35:02, B*35:03, B*40:02, B*53:01",False,0.8951048951048952,0.6265734265734266,0.1339618690844293,7,48.623986646732895
HQAISPRTL,Gag,144.0,9,7,"B*15, B*15:10, B*39, B*42:01, B13",False,0.8951048951048952,0.6265734265734266,0.1339618690844293,7,48.623986646732895
MVHQAISPR,Gag,142.0,9,7,"A*11, A*31, A*33:03, A3, A3 supertype",False,0.8951048951048952,0.6265734265734266,0.1339618690844293,7,48.623986646732895
DCKTILKAL,Gag,329.0,9,7,"B*08:01, B*15:03, B*35:02, B*35:03, B*53:01",False,0.8951048951048952,0.6265734265734266,0.1339618690844293,7,48.623986646732895
KRWIILGLNK,Gag,263.0,10,7,"A*30, A24, B*27:02, B*27:05, B27",False,0.8951048951048952,0.6265734265734266,0.1339618690844293,7,48.623986646732895
VIPMFSAL,Gag,168.0,8,7,"B*15:16, B18, C*01, C*01:02, C*14",False,0.8951048951048952,0.6265734265734266,0.1339618690844293,7,48.623986646732895
QATQDVKNW,Gag,308.0,9,7,"B*53, B*53:01, B*57:02, B*57:03, B*58:01",False,0.8951048951048952,0.6265734265734266,0.1339618690844293,7,48.623986646732895
VLAEAMSQV,Gag,362.0,9,7,"A*02:01, A2, A2 supertype, A29, A69",False,0.8951048951048952,0.6265734265734266,0.1339618690844293,7,48.623986646732895
IVTRIVELL,Env,777.0,9,7,"A*02:05, A*68:02, A68, B*15:17, B40",False,0.8951048951048952,0.6265734265734266,0.1387581018753008,7,47.05626054483996
RLRDLLLIVTR,Env,770.0,11,7,"A*03:01, A*31, A*31:01, A*34, A*74",False,0.8951048951048952,0.6265734265734266,0.1387581018753008,7,47.05626054483996
IPRRIRQGL,Env,843.0,9,7,"A29, B*07:02, B*41, B*42:01, B7",False,0.8951048951048952,0.6265734265734266,0.1387581018753008,7,47.05626054483996
RPNNNTRKSI,Env,298.0,10,7,"B*07:02, B*42:01, B*42:02, B42, B7",False,0.8951048951048952,0.6265734265734266,0.1387581018753008,7,47.05626054483996
HIGPGRAFY,Env,310.0,9,7,"A*30, A*30:02, A2, B*35:02, B*35:03",False,0.8951048951048952,0.6265734265734266,0.1387581018753008,7,47.05626054483996
DPNPQEVVL,Env,78.0,9,7,"B*15:02, B*35:01, B*35:02, B35, B51",False,0.8951048951048952,0.6265734265734266,0.1387581018753008,7,47.05626054483996
AENLWVTVY,Env,31.0,9,7,"B*15:17, B*15:40, B*18:01, B*44:03, B18",False,0.8951048951048952,0.6265734265734266,0.1387581018753008,7,47.05626054483996
RPAEPVPLQL,Rev,66.0,10,9,"A*80, B*07:02, B*42:02, B42, B7",False,0.8951048951048952,0.8055944055944058,0.1851793825626373,9,46.11142776369684
AVRHFPRIW,Vpr,30.0,9,7,"B*57:01, B*58:01, B18, B27, B57",False,0.8951048951048952,0.6265734265734266,0.1456273794174194,7,44.97923197193211
QEILDLWVY,Nef,107.0,9,6,"B*18:01, B*44:02, B*44:03, B18, B44",False,0.8951048951048952,0.5370629370629371,0.1319304398708392,6,42.274229583591605
KAAVDLSHFL,Nef,82.0,10,6,"A*11, B57, C*03, C*08, C*08:02",False,0.8951048951048952,0.5370629370629371,0.1319304398708392,6,42.274229583591605
RPMTFKGAF,Nef,77.0,9,6,"A*30, B*42:01, B*42:02, B42, B7",False,0.8951048951048952,0.5370629370629371,0.1319304398708392,6,42.274229583591605
WRFDSRLAFH,Nef,183.0,10,6,"A*36, A1, B27, B81, C*02",False,0.8951048951048952,0.5370629370629371,0.1319304398708392,6,42.274229583591605
RQDILDLWI,Nef,106.0,9,6,"B*13:02, B*15:24, B13, B57, C*01",False,0.8951048951048952,0.5370629370629371,0.1319304398708392,6,42.274229583591605
HPDIVIYQY,Pol,330.0,9,6,"B*35:01, B*35:02, B*35:03, B*53:01, B35",True,0.8951048951048952,0.2685314685314685,0.1337924152612686,6,41.72681840761971
VIYQYMDDL,Pol,334.0,9,6,"A*02:01, A2, B*35:02, B*35:03, B*51",True,0.8951048951048952,0.2685314685314685,0.1337924152612686,6,41.72681840761971
KLVDFRELNK,Pol,228.0,10,6,"A*03:01, A*34, A29, A3, B18",True,0.8951048951048952,0.2685314685314685,0.1337924152612686,6,41.72681840761971
AVFIHNFKRK,Pol,894.0,10,6,"A*03:01, A*11, A*11:01, A11, A24",False,0.8951048951048952,0.5370629370629371,0.1337924152612686,6,41.72681840761971
VPRRKAKII,Pol,975.0,9,6,"B*35:02, B*35:03, B*53:01, B42, B7",False,0.8951048951048952,0.5370629370629371,0.1337924152612686,6,41.72681840761971
FKRKGGIGGY,Pol,900.0,10,6,"B*15, B*15:03, B*27:05, B15, B27",False,0.8951048951048952,0.5370629370629371,0.1337924152612686,6,41.72681840761971
DTVLEEWNL,Pol,86.0,9,6,"A*68:02, A29, B*35:02, B*35:03, B*53:01",True,0.8951048951048952,0.2685314685314685,0.1337924152612686,6,41.72681840761971
QMVHQAISPR,Gag,141.0,10,6,"A*11, A*31, A3, A3 supertype, A33",False,0.8951048951048952,0.5370629370629371,0.1339618690844293,6,41.67770284005677
VKVIEEKAF,Gag,156.0,9,6,"B*15, B*15:01, B*15:03, B15, B18",False,0.8951048951048952,0.5370629370629371,0.1339618690844293,6,41.67770284005677
VRMYSPVSI,Gag,274.0,9,6,"B*07:02, B*52, B57, B7, C*18",False,0.8951048951048952,0.5370629370629371,0.1339618690844293,6,41.67770284005677
LYNTVATL,Gag,78.0,8,6,"A2, A24, C*14, C*14:02, C*14:03",False,0.8951048951048952,0.5370629370629371,0.1339618690844293,6,41.67770284005677
EIYKRWIIL,Gag,260.0,9,6,"A*24:02, A2, A24, B*08:01, B8",False,0.8951048951048952,0.5370629370629371,0.1339618690844293,6,41.67770284005677
AISPRTLNAW,Gag,146.0,10,6,"B*57:02, B*57:03, B*58:01, B*63, B57",False,0.8951048951048952,0.5370629370629371,0.1339618690844293,6,41.67770284005677
ELRSLYNTV,Gag,74.0,9,6,"A24, B*08:01, B*52, B40, B8",False,0.8951048951048952,0.5370629370629371,0.1339618690844293,6,41.67770284005677
GSEELRSLY,Gag,71.0,9,6,"A*01, A*01:01, A1, B57, B7",False,0.8951048951048952,0.5370629370629371,0.1339618690844293,6,41.67770284005677
VRMYSPTSI,Gag,274.0,9,6,"A24, B*15:02, B*52, B*73, C*06",False,0.8951048951048952,0.5370629370629371,0.1339618690844293,6,41.67770284005677
PPIPVGEIY,Gag,254.0,9,6,"B*35:01, B*35:02, B*53, B35, B53",False,0.8951048951048952,0.5370629370629371,0.1339618690844293,6,41.67770284005677
WHLGHVSI,Vif,79.0,8,5,"A29, B*35:02, B*35:03, B*53:01, B15",False,0.8951048951048952,0.4475524475524476,0.1130799979886263,5,40.62398506426727
FQTKGLGISY,Tat,38.0,10,8,"A*26, A*68:02, B*15:01, B*15:03, B*15:40",False,0.8951048951048952,0.7160839160839162,0.1880450099706649,8,40.394857720398946
EPVDPRLEPW,Tat,2.0,10,8,"A*25, B*15:24, B*35:01, B*35:02, B*35:03",False,0.8951048951048952,0.7160839160839162,0.1880450099706649,8,40.394857720398946
SFEPIPIHY,Env,209.0,9,6,"A*29:02, A29, B*58:01, B*82, B14",False,0.8951048951048952,0.5370629370629371,0.1387581018753008,6,40.33393760986282
RQGLERALL,Env,848.0,9,6,"B*45, B*81:01, B40, B7, B8",False,0.8951048951048952,0.5370629370629371,0.1387581018753008,6,40.33393760986282
VPVWKEATTTL,Env,42.0,11,6,"A*23, B*35:01, B*39, B*73, B35",False,0.8951048951048952,0.5370629370629371,0.1387581018753008,6,40.33393760986282
RRGWEVLKY,Env,787.0,9,6,"A*01, A*01:01, A1, B57, C*02",False,0.8951048951048952,0.5370629370629371,0.1387581018753008,6,40.33393760986282
SLLNATDIAV,Env,813.0,10,6,"A*02:01, A*11, A2, A68, B*51",False,0.8951048951048952,0.5370629370629371,0.1387581018753008,6,40.33393760986282
VTVYYGVPVWK,Env,36.0,11,6,"A*03:01, A*11:01, A*68:01, A11, A3",False,0.8951048951048952,0.5370629370629371,0.1387581018753008,6,40.33393760986282
EYRKILRQR,Vpu,29.0,9,6,"A*30, A*33:03, A33, B*35:02, B*35:03",False,0.8951048951048952,0.5370629370629371,0.1562274396419525,6,36.09512372279672
ERILSTYLGR,Rev,57.0,10,7,"A*03:01, A3, A66, B*58:01, C*01",False,0.8951048951048952,0.6265734265734266,0.1851793825626373,7,35.86444381620865
SAEPVPLQL,Rev,67.0,9,7,"B14, B40, C*01, C*05:01, C*08",False,0.8951048951048952,0.6265734265734266,0.1851793825626373,7,35.86444381620865
RYPLTFGWCY,Nef,134.0,10,5,"A*24:02, A24, B35, C*07, C*07:02",False,0.8951048951048952,0.4475524475524476,0.1319304398708392,5,35.228524652993
RPQVPLRPMTY,Nef,71.0,11,5,"B*35:01, B*67:01, B35, B51, C*07:02",False,0.8951048951048952,0.4475524475524476,0.1319304398708392,5,35.228524652993
QVPLRPMTY,Nef,73.0,9,5,"A*80:01, A1, B*35:01, B35, B7",False,0.8951048951048952,0.4475524475524476,0.1319304398708392,5,35.228524652993
KAAFDLSFF,Nef,82.0,9,5,"B*57:01, B*57:02, B*57:03, B*58:01, B57",False,0.8951048951048952,0.4475524475524476,0.1319304398708392,5,35.228524652993
FPVTPQVPL,Nef,68.0,9,5,"A*68:02, B*07:02, B35, B7, B7 supertype",False,0.8951048951048952,0.4475524475524476,0.1319304398708392,5,35.228524652993
FPVTPQVPLR,Nef,68.0,10,5,"A*68:02, B*07:02, B35, B7, B81",False,0.8951048951048952,0.4475524475524476,0.1319304398708392,5,35.228524652993
RPMTYKAAV,Nef,77.0,9,5,"B*07:02, B*42:01, B*82, B7, C*08",False,0.8951048951048952,0.4475524475524476,0.1319304398708392,5,35.228524652993
KRKGGIGGY,Pol,901.0,9,5,"B*15:03, B*27:02, B*27:05, B27, C*03",False,0.8951048951048952,0.4475524475524476,0.1337924152612686,5,34.772348673016424
KAIGTVLV,Pol,126.0,8,5,"B*35:01, B*35:08, B57, B58, B63",True,0.8951048951048952,0.2237762237762238,0.1337924152612686,5,34.772348673016424
TPGIRYQYNVL,Pol,294.0,11,5,"B*42:01, B*42:02, B42, B7, B81",True,0.8951048951048952,0.2237762237762238,0.1337924152612686,5,34.772348673016424
LVGPTPVNI,Pol,132.0,9,5,"A*02:01, A2, A2 supertype, B40, H-2D<sup>d</sup>",True,0.8951048951048952,0.2237762237762238,0.1337924152612686,5,34.772348673016424
ILKEPVHGV,Pol,464.0,9,5,"A*02:01, A*02:02, A*02:05, A2, A2 supertype",True,0.8951048951048952,0.2237762237762238,0.1337924152612686,5,34.772348673016424
ETKLGKAGY,Pol,604.0,9,5,"A*26, A*26:01, A26, B*15:01, C*12",False,0.8951048951048952,0.4475524475524476,0.1337924152612686,5,34.772348673016424
RKAKIIRDY,Pol,978.0,9,5,"A24, B*15:01, B*15:03, B*49, B15",False,0.8951048951048952,0.4475524475524476,0.1337924152612686,5,34.772348673016424
ALVEICTEM,Pol,188.0,9,5,"A*02:01, A2, A3, C*03, C*12",True,0.8951048951048952,0.2237762237762238,0.1337924152612686,5,34.772348673016424
VRDQAEHL,Pol,880.0,8,5,"A*31, A*36, A29, C*18, C*18:01",False,0.8951048951048952,0.4475524475524476,0.1337924152612686,5,34.772348673016424
QIIEQLIKK,Pol,675.0,9,5,"A*11, A*11:01, A11, A2, A3",False,0.8951048951048952,0.4475524475524476,0.1337924152612686,5,34.772348673016424
IYQEPFKNL,Pol,496.0,9,5,"A*23, A*23:01, A*24:02, A11, A24",False,0.8951048951048952,0.4475524475524476,0.1337924152612686,5,34.772348673016424
IQQEFGIPY,Pol,850.0,9,5,"A*34, B*15:01, B*15:03, B*39, B15",False,0.8951048951048952,0.4475524475524476,0.1337924152612686,5,34.772348673016424
STLQEQIGW,Gag,241.0,9,5,"B*57:01, B*58, B*58:01, B57, B58",False,0.8951048951048952,0.4475524475524476,0.1339618690844293,5,34.73141903338064
TLYCVHQRI,Gag,84.0,9,5,"A*11, A*32, A11, B13, C*12",False,0.8951048951048952,0.4475524475524476,0.1339618690844293,5,34.73141903338064
GPSHKARVL,Gag,355.0,9,5,"B*07:02, B*42:01, B42, B7, B81",False,0.8951048951048952,0.4475524475524476,0.1339618690844293,5,34.73141903338064
MTNNPPIPV,Gag,250.0,9,5,"A*02:01, A2, A2 supertype, A3, B7",False,0.8951048951048952,0.4475524475524476,0.1339618690844293,5,34.73141903338064
DRFFKTLRA,Gag,298.0,9,5,"B*14:01, B*14:02, B*14:03, B14, Cw8",False,0.8951048951048952,0.4475524475524476,0.1339618690844293,5,34.73141903338064
AMQMLKETI,Gag,197.0,9,5,"A2, H-2<sup>d</sup>, H-2<sup>kd</sup>, H-2D<sup>d</sup>, H-2K<sup>d</sup>",False,0.8951048951048952,0.4475524475524476,0.1339618690844293,5,34.73141903338064
PPIPVGDIY,Gag,254.0,9,5,"B*35:01, B*35:02, B*53, B*53:01, B35",False,0.8951048951048952,0.4475524475524476,0.1339618690844293,5,34.73141903338064
RQANFLGKI,Gag,429.0,9,5,"B*13:02, B*15:24, B*48:01, B*52, B13",False,0.8951048951048952,0.4475524475524476,0.1339618690844293,5,34.73141903338064
RDYVDRFFKTL,Gag,294.0,11,5,"A*24:02, A*68:02, A24, B44, C*03",False,0.8951048951048952,0.4475524475524476,0.1339618690844293,5,34.73141903338064
HLVWASREL,Gag,33.0,9,5,"C*03, C*06:02, C*07, C*08, C*08:04",False,0.8951048951048952,0.4475524475524476,0.1339618690844293,5,34.73141903338064
GQMREPRGSDI,Gag,226.0,11,5,"A*34, A69, B*15:40, B13, C*06",False,0.8951048951048952,0.4475524475524476,0.1339618690844293,5,34.73141903338064
QVSQNYPIV,Gag,127.0,9,5,"A*68, A*68:02, A68, B*15:17, B14",False,0.8951048951048952,0.4475524475524476,0.1339618690844293,5,34.73141903338064
YVDRFYKTL,Gag,296.0,9,5,"A*02:07, A2, B70, C*03, C*03:04",False,0.8951048951048952,0.4475524475524476,0.1339618690844293,5,34.73141903338064
EIYKRWIILGLNK,Gag,260.0,13,5,"A24, B*27:05, B27, B40, B8",False,0.8951048951048952,0.4475524475524476,0.1339618690844293,5,34.73141903338064
RIKQIINMW,Env,419.0,9,5,"A*32, A*32:01, A32, C*06, C*12",False,0.8951048951048952,0.4475524475524476,0.1387581018753008,5,33.61161467488568
SFNCGGEFFY,Env,375.0,10,5,"A*32, A29, A69, C*04, C*14",False,0.8951048951048952,0.4475524475524476,0.1387581018753008,5,33.61161467488568
TVYYGVPVW,Env,37.0,9,5,"A*11, A3, B*35:01, B*57:03, B*58:01",False,0.8951048951048952,0.4475524475524476,0.1387581018753008,5,33.61161467488568
AENLWVTVYY,Env,31.0,10,5,"A*68:02, A29, B*44:02, B18, C*04",False,0.8951048951048952,0.4475524475524476,0.1387581018753008,5,33.61161467488568
VFAVLSIVNR,Env,698.0,10,5,"A*32, A*33:03, B7, B8, C*12",False,0.8951048951048952,0.4475524475524476,0.1387581018753008,5,33.61161467488568
LADQLIHLHY,Vif,102.0,10,4,"B*18:01, B*45, B18, C*05",False,0.8951048951048952,0.3580419580419581,0.1130799979886263,4,32.49918805141382
HMYISKKAK,Vif,28.0,9,4,"A*03:01, A*68:02, A3, B*58:02",False,0.8951048951048952,0.3580419580419581,0.1130799979886263,4,32.49918805141382
ETYGDTWTGV,Vpr,48.0,10,5,"A*68, A*68:02, A69, B*39, C*14",False,0.8951048951048952,0.4475524475524476,0.1456273794174194,5,32.12802283709436
HTQGFFPDW,Nef,116.0,9,4,"B*35:01, B*53:01, B*57:03, B*58:01",False,0.8951048951048952,0.3580419580419581,0.1319304398708392,4,28.182819722394402
GYFPDWQNY,Nef,119.0,9,4,"A24, B*58, B*58:01, C*02",False,0.8951048951048952,0.3580419580419581,0.1319304398708392,4,28.182819722394402
RYPLTFGWCF,Nef,134.0,10,4,"A*23:01, A*24:02, A24, B35",False,0.8951048951048952,0.3580419580419581,0.1319304398708392,4,28.182819722394402
PLRPMTYK,Nef,75.0,8,4,"A*11:01, A11, B*15:01, C*02",False,0.8951048951048952,0.3580419580419581,0.1319304398708392,4,28.182819722394402
RPMTYKGAL,Nef,77.0,9,4,"B*07:02, B*67:01, B7, B7 supertype",False,0.8951048951048952,0.3580419580419581,0.1319304398708392,4,28.182819722394402
KAAFDLSFFL,Nef,82.0,10,4,"B*57:02, B*57:03, B*58:01, C*08:04",False,0.8951048951048952,0.3580419580419581,0.1319304398708392,4,28.182819722394402
DLSHFLKEK,Nef,86.0,9,4,"A*03:01, A*11, A11, A3",False,0.8951048951048952,0.3580419580419581,0.1319304398708392,4,28.182819722394402
VRYPLTFGW,Nef,133.0,9,4,"B*27:02, B*27:05, B27, C*04:01",False,0.8951048951048952,0.3580419580419581,0.1319304398708392,4,28.182819722394402
RQDILDLWVY,Nef,106.0,10,4,"B7, C*07, C*07:02, Cw7",False,0.8951048951048952,0.3580419580419581,0.1319304398708392,4,28.182819722394402
AALDLSHFL,Nef,83.0,9,4,"A*02:01, A2, C*03, Cw3",False,0.8951048951048952,0.3580419580419581,0.1319304398708392,4,28.182819722394402
ALVEICTEMEK,Pol,188.0,11,4,"A*03:01, A3, B7, C*02",True,0.8951048951048952,0.179020979020979,0.1337924152612686,4,27.81787893841314
STTVKAACWW,Pol,838.0,10,4,"B*57:01, B*58:01, B57, C*12",False,0.8951048951048952,0.3580419580419581,0.1337924152612686,4,27.81787893841314
DSQYALGI,Pol,653.0,8,4,"A*68:02, B*15:17, B*52, B14",False,0.8951048951048952,0.3580419580419581,0.1337924152612686,4,27.81787893841314
GIPHPAGLK,Pol,248.0,9,4,"A*03:01, A3, B7, C*12",True,0.8951048951048952,0.179020979020979,0.1337924152612686,4,27.81787893841314
IRYQYNVL,Pol,297.0,8,4,"A2, B*14:01, B*73, B14",True,0.8951048951048952,0.179020979020979,0.1337924152612686,4,27.81787893841314
TPVNIIGRNML,Pol,136.0,11,4,"B*81:01, B42, B7, B81",True,0.8951048951048952,0.179020979020979,0.1337924152612686,4,27.81787893841314
GKKAIGTVL,Pol,124.0,9,4,"B*15, B*15:03, B13, C*02",True,0.8951048951048952,0.179020979020979,0.1337924152612686,4,27.81787893841314
AETFYVDGA,Pol,592.0,9,4,"B*45, B*45:01, B*50:01, B44",False,0.8951048951048952,0.3580419580419581,0.1337924152612686,4,27.81787893841314
IVTDSQYAL,Pol,650.0,9,4,"B*39, B14, C*08:02, C*12",False,0.8951048951048952,0.3580419580419581,0.1337924152612686,4,27.81787893841314
ATDIQTKEL,Pol,920.0,9,4,"A*34, B*42:01, C*03, C*08",False,0.8951048951048952,0.3580419580419581,0.1337924152612686,4,27.81787893841314
YPGIKVKQL,Pol,426.0,9,4,"B*42:01, B42, B7, B81",True,0.8951048951048952,0.179020979020979,0.1337924152612686,4,27.81787893841314
QIYPGIKVK,Pol,424.0,9,4,"A*03:01, A3, B42, B8",True,0.8951048951048952,0.179020979020979,0.1337924152612686,4,27.81787893841314
VTIKIGGQLK,Pol,67.0,10,4,"A*03:01, A*11:01, A3, A3 supertype",True,0.8951048951048952,0.179020979020979,0.1337924152612686,4,27.81787893841314
RQYDQILIEI,Pol,113.0,10,4,"A*11, A*32, B*13:02, B13",True,0.8951048951048952,0.179020979020979,0.1337924152612686,4,27.81787893841314
KMIGGIGGFI,Pol,101.0,10,4,"A*02:01, A2, A2 supertype, B62",True,0.8951048951048952,0.179020979020979,0.1337924152612686,4,27.81787893841314
RRWIQLGLQK,Gag,263.0,10,4,"B*27:03, B*27:05, B18, B27",False,0.8951048951048952,0.3580419580419581,0.1339618690844293,4,27.78513522670451
IILGLNKIVR,Gag,266.0,10,4,"A*11, A11, A3, A33",False,0.8951048951048952,0.3580419580419581,0.1339618690844293,4,27.78513522670451
LSPRTLNAW,Gag,147.0,9,4,"B*57:03, B*58:01, B57, B58",False,0.8951048951048952,0.3580419580419581,0.1339618690844293,4,27.78513522670451
KRWIILGLNKIVR,Gag,263.0,13,4,"A*11, A3, A33, B*27:05",False,0.8951048951048952,0.3580419580419581,0.1339618690844293,4,27.78513522670451
RMYSPTSI,Gag,275.0,8,4,"A24, B*52, B*52:01, B52",False,0.8951048951048952,0.3580419580419581,0.1339618690844293,4,27.78513522670451
IEEKAFSPEVI,Gag,159.0,11,4,"B*45, B*45:01, B*57:01, B*57:03",False,0.8951048951048952,0.3580419580419581,0.1339618690844293,4,27.78513522670451
EPFRDYVDRF,Gag,291.0,10,4,"A*02:01, A2, H-2<sup>d</sup>, H-2L<sup>d</sup>",False,0.8951048951048952,0.3580419580419581,0.1339618690844293,4,27.78513522670451
ILGLNKIV,Gag,267.0,8,4,"A*02:01, A2, A3, B27",False,0.8951048951048952,0.3580419580419581,0.1339618690844293,4,27.78513522670451
GPGHKARVL,Gag,355.0,9,4,"B*07:02, B35, B42, B7",False,0.8951048951048952,0.3580419580419581,0.1339618690844293,4,27.78513522670451
NPDCKTIL,Gag,327.0,8,4,"B*08:01, B*35:03, B*50:01, B35",False,0.8951048951048952,0.3580419580419581,0.1339618690844293,4,27.78513522670451
YPLASLRSLF,Gag,484.0,10,4,"B*07:02, B35, B7, B7 supertype",False,0.8951048951048952,0.3580419580419581,0.1339618690844293,4,27.78513522670451
IYKRWIILGL,Gag,261.0,10,4,"A*24:02, A24, B27, H-2<sup>d</sup>",False,0.8951048951048952,0.3580419580419581,0.1339618690844293,4,27.78513522670451
EIYKRWIILGLN,Gag,260.0,12,4,"A24, B27, B40, B8",False,0.8951048951048952,0.3580419580419581,0.1339618690844293,4,27.78513522670451
HYMLKHLVW,Gag,28.0,9,4,"A*23, A*23:01, A*24:02, A24",False,0.8951048951048952,0.3580419580419581,0.1339618690844293,4,27.78513522670451
AEWDRLHPV,Gag,210.0,9,4,"A2, B*40:02, B*40:06, B40",False,0.8951048951048952,0.3580419580419581,0.1339618690844293,4,27.78513522670451
NANPDCKTI,Gag,325.0,9,4,"B*51, B*51:01, B51, B8",False,0.8951048951048952,0.3580419580419581,0.1339618690844293,4,27.78513522670451
EIKDTKEAL,Gag,93.0,9,4,"B*08:01, B*60, B60, B8",False,0.8951048951048952,0.3580419580419581,0.1339618690844293,4,27.78513522670451
KYCWNLLQY,Env,794.0,9,4,"A*30, A*30:02, A30, C*16",False,0.8951048951048952,0.3580419580419581,0.1387581018753008,4,26.889291739908547
TAVPWNASW,Env,606.0,9,4,"B*35:01, B*35:08, B*58:01, B35",False,0.8951048951048952,0.3580419580419581,0.1387581018753008,4,26.889291739908547
KLTPLCVTL,Env,121.0,9,4,"A*02:01, A*11, A2, A2 supertype",False,0.8951048951048952,0.3580419580419581,0.1387581018753008,4,26.889291739908547
IVNRNRQGY,Env,704.0,9,4,"A*30:02, A29, A30, C*14",False,0.8951048951048952,0.3580419580419581,0.1387581018753008,4,26.889291739908547
MHEDIISLW,Env,104.0,9,4,"B*38:01, B*39, B13, B38",False,0.8951048951048952,0.3580419580419581,0.1387581018753008,4,26.889291739908547
YLKDQQLL,Env,586.0,8,4,"A*24:02, A24, B*08:01, B8",False,0.8951048951048952,0.3580419580419581,0.1387581018753008,4,26.889291739908547
LPCRIKQII,Env,416.0,9,4,"A*68:02, B*51:01, B18, B51",False,0.8951048951048952,0.3580419580419581,0.1387581018753008,4,26.889291739908547
VTVYYGVPVWKE,Env,36.0,12,4,"A*11, A*68:01, A3, C*07",False,0.8951048951048952,0.3580419580419581,0.1387581018753008,4,26.889291739908547
AIIRILQQL,Vpr,59.0,9,4,"A*02:01, A2, A2 supertype, C*16",False,0.8951048951048952,0.3580419580419581,0.1456273794174194,4,25.70241826967549
REPHNEWTL,Vpr,12.0,9,4,"B*15:17, B*40:02, B40, C*16",False,0.8951048951048952,0.3580419580419581,0.1456273794174194,4,25.70241826967549
EPVDPNLEPW,Tat,2.0,10,5,"B*53, B*53:01, B35, B58, B7",False,0.8951048951048952,0.4475524475524476,0.1880450099706649,5,25.246786075249343
KPKKIKPPL,Vif,155.0,9,3,"B42, B7, B81",False,0.8951048951048952,0.2685314685314685,0.1130799979886263,3,24.37439103856036
SLVKHHMYI,Vif,23.0,9,3,"A*02:01, A2, A2 supertype",False,0.8951048951048952,0.2685314685314685,0.1130799979886263,3,24.37439103856036
YRLGVGALI,Vpu,5.0,9,4,"B*15:16, B*15:17, C*18, C*18:01",False,0.8951048951048952,0.3580419580419581,0.1562274396419525,4,24.063415815197814
LEKHGAITS,Nef,37.0,9,3,"B*40:01, B40, B50",False,0.8951048951048952,0.2685314685314685,0.1319304398708392,3,21.137114791795803
RLAFHHVAR,Nef,188.0,9,3,"A11, A3, B52",False,0.8951048951048952,0.2685314685314685,0.1319304398708392,3,21.137114791795803
GALDLSHFL,Nef,83.0,9,3,"A*02:06, A2, C*08:02",False,0.8951048951048952,0.2685314685314685,0.1319304398708392,3,21.137114791795803
VLEWRFDSRL,Nef,180.0,10,3,"A*02:01, A2, B40",False,0.8951048951048952,0.2685314685314685,0.1319304398708392,3,21.137114791795803
KAAVDLSHF,Nef,82.0,9,3,"B*58:01, B57, C*12:02",False,0.8951048951048952,0.2685314685314685,0.1319304398708392,3,21.137114791795803
WPTVRERM,Nef,13.0,8,3,"B*08:01, B*15:16, B8",False,0.8951048951048952,0.2685314685314685,0.1319304398708392,3,21.137114791795803
KGALDLSHF,Nef,82.0,9,3,"B*58:01, B57, C*12:02",False,0.8951048951048952,0.2685314685314685,0.1319304398708392,3,21.137114791795803
AVDLSHFL,Nef,84.0,8,3,"A2, B*15, B62",False,0.8951048951048952,0.2685314685314685,0.1319304398708392,3,21.137114791795803
FPVKPQVPL,Nef,68.0,9,3,"B*07:02, B35, B7",False,0.8951048951048952,0.2685314685314685,0.1319304398708392,3,21.137114791795803
SVPLRPMTYK,Nef,73.0,10,3,"B35, C*04, Cw4",False,0.8951048951048952,0.2685314685314685,0.1319304398708392,3,21.137114791795803
TPGPGIRYPL,Nef,128.0,10,3,"B*07:02, B42, B7",False,0.8951048951048952,0.2685314685314685,0.1319304398708392,3,21.137114791795803
TPQVPLRPMTY,Nef,71.0,11,3,"B35, B7, B7 supertype",False,0.8951048951048952,0.2685314685314685,0.1319304398708392,3,21.137114791795803
PQVPLRPMTY,Nef,72.0,10,3,"B*51, B35, B51",False,0.8951048951048952,0.2685314685314685,0.1319304398708392,3,21.137114791795803
QATWIPEWEF,Pol,562.0,10,3,"B*57:02, B*57:03, B57",False,0.8951048951048952,0.2685314685314685,0.1337924152612686,3,20.863409203809855
KIQNFRVYYR,Pol,934.0,10,3,"A*33:03, A3, A3 supertype",False,0.8951048951048952,0.2685314685314685,0.1337924152612686,3,20.863409203809855
FVNTPPLVK,Pol,571.0,9,3,"A*11, A*11:01, A11",False,0.8951048951048952,0.2685314685314685,0.1337924152612686,3,20.863409203809855
ELKKIIGQVR,Pol,872.0,10,3,"A*33:01, A*33:03, A33",False,0.8951048951048952,0.2685314685314685,0.1337924152612686,3,20.863409203809855
RPPLVKLWYQL,Pol,574.0,11,3,"B42, B7, B81",False,0.8951048951048952,0.2685314685314685,0.1337924152612686,3,20.863409203809855
LFLDGIDKA,Pol,715.0,9,3,"B*15:01, B7, B81",False,0.8951048951048952,0.2685314685314685,0.1337924152612686,3,20.863409203809855
ITTESIVIW,Pol,530.0,9,3,"B*57:01, B*58:01, B57",True,0.8951048951048952,0.1342657342657342,0.1337924152612686,3,20.863409203809855
DVKQLTEVV,Pol,519.0,9,3,"A*68:02, A28, B70",True,0.8951048951048952,0.1342657342657342,0.1337924152612686,3,20.863409203809855
IATESIVIW,Pol,530.0,9,3,"B*57:01, B*57:03, B57",True,0.8951048951048952,0.1342657342657342,0.1337924152612686,3,20.863409203809855
QIYPGIKVR,Pol,424.0,9,3,"A*03:01, A*74:01, A3",True,0.8951048951048952,0.1342657342657342,0.1337924152612686,3,20.863409203809855
PEIVIYDYM,Pol,331.0,9,3,"B*18:01, E*01:01, E*01:03",True,0.8951048951048952,0.1342657342657342,0.1337924152612686,3,20.863409203809855
RMRGAHTNDVK,Pol,511.0,11,3,"A*03:01, A*30, A3",True,0.8951048951048952,0.1342657342657342,0.1337924152612686,3,20.863409203809855
QEEHEKYHSNW,Pol,724.0,11,3,"B*44:02, B*44:03, B44",False,0.8951048951048952,0.2685314685314685,0.1337924152612686,3,20.863409203809855
SIFQSSMTK,Pol,313.0,9,3,"A11, A3, A33",True,0.8951048951048952,0.1342657342657342,0.1337924152612686,3,20.863409203809855
QIYQEPFKNLK,Pol,495.0,11,3,"A*11, A*11:01, A11",False,0.8951048951048952,0.2685314685314685,0.1337924152612686,3,20.863409203809855
NTPVFAIKK,Pol,212.0,9,3,"A*03:01, A*68:01, A3 supertype",True,0.8951048951048952,0.1342657342657342,0.1337924152612686,3,20.863409203809855
DTVLEEMNL,Pol,86.0,9,3,"A*68:02, A28, A68",True,0.8951048951048952,0.1342657342657342,0.1337924152612686,3,20.863409203809855
KVYLAWVPAHK,Pol,685.0,11,3,"A*03:01, A3, A3 supertype",False,0.8951048951048952,0.2685314685314685,0.1337924152612686,3,20.863409203809855
IEICGHKAIG,Pol,120.0,10,3,"B18, B40, B44",True,0.8951048951048952,0.1342657342657342,0.1337924152612686,3,20.863409203809855
NTPVFAIKKK,Pol,212.0,10,3,"A11, A68, B8",True,0.8951048951048952,0.1342657342657342,0.1337924152612686,3,20.863409203809855
FSVPLDEDF,Pol,271.0,9,3,"B*57:02, B*57:03, B57",True,0.8951048951048952,0.1342657342657342,0.1337924152612686,3,20.863409203809855
DAYFSVPL,Pol,268.0,8,3,"A24, B*51:01, B51",True,0.8951048951048952,0.1342657342657342,0.1337924152612686,3,20.863409203809855
EPIVGAETF,Pol,587.0,9,3,"B*35:01, B35, B51",False,0.8951048951048952,0.2685314685314685,0.1337924152612686,3,20.863409203809855
EPIVGAETFY,Pol,587.0,10,3,"B*35:01, B35, B51",False,0.8951048951048952,0.2685314685314685,0.1337924152612686,3,20.863409203809855
YLAWVPAHK,Pol,687.0,9,3,"A2, A3 supertype, B7",False,0.8951048951048952,0.2685314685314685,0.1337924152612686,3,20.863409203809855
SEVNIVTDSQY,Pol,646.0,11,3,"B*44:03, B18, B44",False,0.8951048951048952,0.2685314685314685,0.1337924152612686,3,20.863409203809855
KLVGKLNWA,Pol,414.0,9,3,"A*02:01, A2, A2 supertype",False,0.8951048951048952,0.2685314685314685,0.1337924152612686,3,20.863409203809855
QMAVFIHNFK,Pol,892.0,10,3,"A*03:01, A3, A3 supertype",False,0.8951048951048952,0.2685314685314685,0.1337924152612686,3,20.863409203809855
ILGLNKIVRMY,Gag,267.0,11,3,"B27, B7, B7 supertype",False,0.8951048951048952,0.2685314685314685,0.1339618690844293,3,20.838851420028384
KAFSPEVI,Gag,162.0,8,3,"B*57:01, B*57:03, B57",False,0.8951048951048952,0.2685314685314685,0.1339618690844293,3,20.838851420028384
RALGPGATL,Gag,335.0,9,3,"B*07:02, C*03:04, Cw8",False,0.8951048951048952,0.2685314685314685,0.1339618690844293,3,20.838851420028384
DRFYKTLRA,Gag,298.0,9,3,"B*14:02, B14, B27",False,0.8951048951048952,0.2685314685314685,0.1339618690844293,3,20.838851420028384
EKAFSPEV,Gag,161.0,8,3,"B*44:15, B*45:01, B44",False,0.8951048951048952,0.2685314685314685,0.1339618690844293,3,20.838851420028384
TLNAWVKVV,Gag,151.0,9,3,"A*02:01, A*02:02, A2",False,0.8951048951048952,0.2685314685314685,0.1339618690844293,3,20.838851420028384
GVGGPGHK,Gag,352.0,8,3,"A11, B*39, B*51",False,0.8951048951048952,0.2685314685314685,0.1339618690844293,3,20.838851420028384
IRLRPGGKKK,Gag,19.0,10,3,"A11, A3, B62",False,0.8951048951048952,0.2685314685314685,0.1339618690844293,3,20.838851420028384
GELDRWEKI,Gag,11.0,9,3,"B*40:02, B*49:01, B40",False,0.8951048951048952,0.2685314685314685,0.1339618690844293,3,20.838851420028384
QATQEVKNW,Gag,308.0,9,3,"B*53:01, B*57:01, B53",False,0.8951048951048952,0.2685314685314685,0.1339618690844293,3,20.838851420028384
ISPRTLNAWV,Gag,147.0,10,3,"B*57:02, B*57:03, C*03:04",False,0.8951048951048952,0.2685314685314685,0.1339618690844293,3,20.838851420028384
TERQANFL,Gag,427.0,8,3,"B*40:02, B*41, B40",False,0.8951048951048952,0.2685314685314685,0.1339618690844293,3,20.838851420028384
IYKRWIIL,Gag,261.0,8,3,"A*24:02, A24, B8",False,0.8951048951048952,0.2685314685314685,0.1339618690844293,3,20.838851420028384
GEIYKRWIIL,Gag,259.0,10,3,"A24, B*08:01, B8",False,0.8951048951048952,0.2685314685314685,0.1339618690844293,3,20.838851420028384
GGKKKYKLK,Gag,24.0,9,3,"A*30, B*08:01, B8",False,0.8951048951048952,0.2685314685314685,0.1339618690844293,3,20.838851420028384
DLNTMLNTV,Gag,183.0,9,3,"B14, C*08, Cw8",False,0.8951048951048952,0.2685314685314685,0.1339618690844293,3,20.838851420028384
KRWIILGLNKI,Gag,263.0,11,3,"A2, A3, B*27:05",False,0.8951048951048952,0.2685314685314685,0.1339618690844293,3,20.838851420028384
NPDCKTILRAL,Gag,327.0,11,3,"B*08:01, B*39:10, B*67:01",False,0.8951048951048952,0.2685314685314685,0.1339618690844293,3,20.838851420028384
FRDYVDRFYK,Gag,293.0,10,3,"B*18:01, B18, B27",False,0.8951048951048952,0.2685314685314685,0.1339618690844293,3,20.838851420028384
GDIYKRWII,Gag,259.0,9,3,"B*08:01, B40, B8",False,0.8951048951048952,0.2685314685314685,0.1339618690844293,3,20.838851420028384
DTINEEAAEW,Gag,203.0,10,3,"B*53:01, B*58:01, B53",False,0.8951048951048952,0.2685314685314685,0.1339618690844293,3,20.838851420028384
GEIYKRWII,Gag,259.0,9,3,"B*08:01, B40, B8",False,0.8951048951048952,0.2685314685314685,0.1339618690844293,3,20.838851420028384
TSTLQEQVGW,Gag,240.0,10,3,"B*57:01, B*58, B57",False,0.8951048951048952,0.2685314685314685,0.1339618690844293,3,20.838851420028384
VHQAISPRTL,Gag,143.0,10,3,"B*15:10, C*03, C*03:04",False,0.8951048951048952,0.2685314685314685,0.1339618690844293,3,20.838851420028384
PQDLNTMLN,Gag,181.0,9,3,"B14, Cw7, Cw8",False,0.8951048951048952,0.2685314685314685,0.1339618690844293,3,20.838851420028384
LSEGATPQDL,Gag,175.0,10,3,"B*44:03, B42, B44",False,0.8951048951048952,0.2685314685314685,0.1339618690844293,3,20.838851420028384
EPIDKELYPL,Gag,477.0,10,3,"B35, B42, B53",False,0.8951048951048952,0.2685314685314685,0.1339618690844293,3,20.838851420028384
FLGKIWPSYK,Gag,433.0,10,3,"A*02:01, A2, A29",False,0.8951048951048952,0.2685314685314685,0.1339618690844293,3,20.838851420028384
FLGKIWPS,Gag,433.0,8,3,"A*02:01, A2, A2 supertype",False,0.8951048951048952,0.2685314685314685,0.1339618690844293,3,20.838851420028384
FLGKIWPSHK,Gag,433.0,10,3,"A*02:01, A*02:05, A2",False,0.8951048951048952,0.2685314685314685,0.1339618690844293,3,20.838851420028384
RPGGKKHYM,Gag,22.0,9,3,"B*07:02, B*42:01, B*42:02",False,0.8951048951048952,0.2685314685314685,0.1339618690844293,3,20.838851420028384
NSSKVSQNY,Gag,124.0,9,3,"A*01:01, B*35:01, B35",False,0.8951048951048952,0.2685314685314685,0.1339618690844293,3,20.838851420028384
EIYKRWIILGL,Gag,260.0,11,3,"A*24:02, A24, B27",False,0.8951048951048952,0.2685314685314685,0.1339618690844293,3,20.838851420028384
GDIYKRWIIL,Gag,259.0,10,3,"A24, B*08:01, B8",False,0.8951048951048952,0.2685314685314685,0.1339618690844293,3,20.838851420028384
KELYPLASL,Gag,481.0,9,3,"A*02:01, B*40:02, B40",False,0.8951048951048952,0.2685314685314685,0.1339618690844293,3,20.838851420028384
GGKKKYKL,Gag,24.0,8,3,"B*08:01, B8, C*01",False,0.8951048951048952,0.2685314685314685,0.1339618690844293,3,20.838851420028384
YSPTSILDI,Gag,277.0,9,3,"C*01, C*01:02, C*12",False,0.8951048951048952,0.2685314685314685,0.1339618690844293,3,20.838851420028384
KTVRLIKFLY,Rev,14.0,10,4,"B*35:01, B57, B58, B63",False,0.8951048951048952,0.3580419580419581,0.1851793825626373,4,20.49396789497637
VPLQLPPL,Rev,71.0,8,4,"B*07:02, B*51:01, B7, B7 supertype",False,0.8951048951048952,0.3580419580419581,0.1851793825626373,4,20.49396789497637
ISERILSTY,Rev,55.0,9,4,"A*01, A*01:01, A*11, A1",False,0.8951048951048952,0.3580419580419581,0.1851793825626373,4,20.49396789497637
CCFHCQVC,Tat,30.0,8,4,"B18, C*07, C*12, C*12:03",False,0.8951048951048952,0.3580419580419581,0.1880450099706649,4,20.197428860199473
IVNRVRQGY,Env,704.0,9,3,"A*30, A*30:02, A30",False,0.8951048951048952,0.2685314685314685,0.1387581018753008,3,20.16696880493141
IPRRIRQGF,Env,843.0,9,3,"B*42:01, B42, B7",False,0.8951048951048952,0.2685314685314685,0.1387581018753008,3,20.16696880493141
RRIRQGLERILL,Env,845.0,12,3,"A30, B7, B8",False,0.8951048951048952,0.2685314685314685,0.1387581018753008,3,20.16696880493141
ERYLRDQQL,Env,584.0,9,3,"B*14:01, B*14:02, B14",False,0.8951048951048952,0.2685314685314685,0.1387581018753008,3,20.16696880493141
FNCGGEFFY,Env,376.0,9,3,"A29, B8, C*14",False,0.8951048951048952,0.2685314685314685,0.1387581018753008,3,20.16696880493141
TVYYGVPVMK,Env,37.0,10,3,"A11, A3, A68",False,0.8951048951048952,0.2685314685314685,0.1387581018753008,3,20.16696880493141
ISLWDQSLK,Env,109.0,9,3,"A*11, A11, A2",False,0.8951048951048952,0.2685314685314685,0.1387581018753008,3,20.16696880493141
EVAQRAYR,Env,831.0,8,3,"A*33:03, A29, B8",False,0.8951048951048952,0.2685314685314685,0.1387581018753008,3,20.16696880493141
IPIHYCAPA,Env,213.0,9,3,"B*07:02, B7, B7 supertype",False,0.8951048951048952,0.2685314685314685,0.1387581018753008,3,20.16696880493141
SLLNATAIAV,Env,813.0,10,3,"A*30, A2, C*14",False,0.8951048951048952,0.2685314685314685,0.1387581018753008,3,20.16696880493141
GRRGWEALK,Env,786.0,9,3,"B*27:05, B27, B57",False,0.8951048951048952,0.2685314685314685,0.1387581018753008,3,20.16696880493141
TLFCASDAK,Env,51.0,9,3,"A*03:01, A3, A3 supertype",False,0.8951048951048952,0.2685314685314685,0.1387581018753008,3,20.16696880493141
TTLFCASDAK,Env,50.0,10,3,"A*03:01, A3, A3 supertype",False,0.8951048951048952,0.2685314685314685,0.1387581018753008,3,20.16696880493141
CPKVSFEPI,Env,205.0,9,3,"B*07:02, B7, B7 supertype",False,0.8951048951048952,0.2685314685314685,0.1387581018753008,3,20.16696880493141
YCAPAGFAIL,Env,217.0,10,3,"C*01, C*01:02, Cw1",False,0.8951048951048952,0.2685314685314685,0.1387581018753008,3,20.16696880493141
FPRWLHGL,Vpr,34.0,8,3,"B*07:02, B*42:01, B*81:01",False,0.8951048951048952,0.2685314685314685,0.1456273794174194,3,19.276813702256618
KAVRRLIKFLY,Rev,11.0,11,3,"B*57:01, B*58:01, B57",False,0.8951048951048952,0.2685314685314685,0.1851793825626373,3,15.370475921232279
