pdb_id,chain_id,residue_id,residue_name,is_rare,hyperbolic_distance,chi1,chi2,predicted_rare,nearest_rotamer,euclidean_distance
DEMO,A,0,TYR,False,0.9786105230813315,1.1559461832928573,0.9241115972769305,False,gauche+,0.16424499089811553
DEMO,A,1,TYR,False,7.600402334500399,3.1226684532101987,2.955827033583007,False,trans,0.18672704928990005
DEMO,A,2,TYR,False,7.600402334500399,3.047697776402803,3.250104662306986,False,trans,0.14349600690541928
DEMO,A,3,LEU,False,1.1889255858922372,-1.569707353735318,-0.857123614717217,False,gauche-,0.5560077293328035
DEMO,A,4,VAL,False,7.600402334500399,3.055983440754546,2.993111286165959,False,trans,0.17139327231347884
DEMO,A,5,TYR,False,0.9428655337881067,1.0716413842411336,0.944110418778107,False,gauche+,0.10594554187966844
DEMO,A,6,TYR,False,0.9547360402981214,-1.16724832121778,-0.8577095869872698,False,gauche-,0.2243164638694055
DEMO,A,7,ARG,False,7.600402334500399,3.3313612251335964,3.4577627707975984,False,trans,0.36874876780943006
DEMO,A,8,PHE,False,1.1496126210859352,-1.285829197094416,-1.129007931541384,False,gauche-,0.25226573440731176
DEMO,A,9,ILE,False,1.1004854875297798,-0.9825975917409381,-1.3258809393711384,False,gauche-,0.2860726928703867
DEMO,A,10,ARG,False,0.9307700318239982,-0.9075177629302532,-1.0815233182418813,False,gauche-,0.1438356754542415
DEMO,A,11,ARG,False,1.1853865578489682,1.0998947592426396,1.3755517743994128,False,gauche+,0.3325559977371811
DEMO,A,12,LEU,False,0.9767474006304376,1.1120143450755566,0.9701810951133343,False,gauche+,0.10066156802063382
DEMO,A,13,ARG,False,0.9803683189440622,0.9118131511354058,1.1695328089647712,False,gauche+,0.182468767390845
DEMO,A,14,LEU,False,7.600402334500399,3.347792558088983,3.3278486774130327,False,trans,0.27786634741529653
DEMO,A,15,MET,False,1.1007280729387976,-1.2150410558411253,-1.1090400263668405,False,gauche-,0.17887407242677653
DEMO,A,16,ARG,False,1.0867758912055443,-1.0963470886820057,-1.2011311059298193,False,gauche-,0.1615896540866255
DEMO,A,17,TYR,False,0.8920656212207079,-1.0615995755126644,-0.8464909716181928,False,gauche-,0.20122263637688267
DEMO,A,18,LYS,True,1.5632811585620612,1.9583796499025345,1.1399987614479188,False,gauche+,0.9158956718023433
DEMO,A,19,PHE,False,1.0033197841783166,-1.0297881375489635,-1.1069990212897711,False,gauche-,0.062284055012973856
DEMO,A,20,PHE,False,1.061748893925714,-0.9876674614949282,-1.2528207053141052,False,gauche-,0.21406707614465392
DEMO,A,21,LYS,True,1.0851760948143214,0.7091078201218971,1.4928589444483151,False,gauche+,0.5593914047366346
DEMO,A,22,MET,False,0.9444216902009729,-1.1160136594588614,-0.8970403740787134,False,gauche-,0.16517516337626328
DEMO,A,23,LYS,False,7.600402334500399,3.0899556938825254,3.2337837766738518,False,trans,0.10566730233762019
DEMO,A,24,LYS,False,0.8439398531232564,0.8731365602843828,0.9458689072702928,False,gauche+,0.20140685846635412
DEMO,A,25,TRP,False,0.8671546117378942,0.9786546478912437,0.8867420973522738,False,gauche+,0.17448232650304452
DEMO,A,26,GLU,False,0.9007030456865477,0.914649888520955,1.0179029898482743,False,gauche+,0.13574628615681034
DEMO,A,27,LEU,True,1.2238196256862501,-1.8813573821826184,-0.31506400117071204,False,gauche-,1.1098838491951006
DEMO,A,28,TYR,False,1.0498434405387473,-1.179034011683893,-1.046410090310317,False,gauche-,0.1318388122233572
DEMO,A,29,GLU,False,0.8811400631255116,0.9322557096739177,0.9628979071286209,False,gauche+,0.14254142177841653
DEMO,A,30,TRP,True,1.5894410663884742,-1.8533153598904515,1.3135017990707059,False,g-/t,1.9979344568503012
DEMO,A,31,LEU,False,0.7207333234153168,-0.9298261324365436,-0.609106426034602,False,gauche-,0.4535414908114266
DEMO,A,32,VAL,False,7.600402334500399,3.4829136443254853,3.316310536716869,False,trans,0.38344016143487236
DEMO,A,33,PHE,False,7.600402334500399,3.2714100001156146,2.897017946254732,False,trans,0.2768922731443333
DEMO,A,34,LYS,True,0.4055792848657591,-0.498980230446112,0.38947193240295425,False,gauche-,1.5377130538162977
DEMO,A,35,MET,False,7.600402334500399,3.516056477053937,3.2208674416026817,False,trans,0.3827631736438003
DEMO,A,36,LEU,False,0.9421033845995291,-1.0445907712432874,-0.9716436328019793,False,gauche-,0.07559887490237951
DEMO,A,37,VAL,False,1.029711117958944,-1.3352058407333574,-0.8090520999738696,False,gauche-,0.37371383541416653
DEMO,A,38,LEU,False,7.600402334500399,3.084494793392527,3.3546511473589833,False,trans,0.22057671546721014
DEMO,A,39,LYS,False,7.600402334500399,3.3123922108887736,3.4993114250548856,False,trans,0.396402835802196
DEMO,A,40,ILE,False,0.7747335388974045,0.8501211917714602,0.8284094693829028,False,gauche+,0.2944610605631617
DEMO,A,41,LEU,False,0.969061225135846,1.1940977641726067,0.8562980988043135,False,gauche+,0.2408781299663188
DEMO,A,42,VAL,False,7.600402334500399,2.9496137271670118,3.362578297279823,False,trans,0.2927295046754607
DEMO,A,43,ILE,False,0.9214261661306016,-0.8714628415584185,-1.0951164528353596,False,gauche-,0.1821507872776851
DEMO,A,44,TYR,False,1.2618339621148436,0.9942661845490064,1.5912313845145214,False,gauche+,0.5466027271883814
DEMO,A,45,LEU,False,7.600402334500399,3.437562408629504,3.220947509844019,False,trans,0.30642338211924225
DEMO,A,46,TYR,True,0.787597877297222,-0.09067717218248895,-1.233090631040537,False,gauche-,0.9744164780026862
DEMO,A,47,MET,True,1.7101857844203696,-0.7052704195357602,2.477624535133973,False,g-/t,0.7468385539670334
DEMO,A,48,TRP,False,7.600402334500399,3.184411402415834,2.8924448978473953,False,trans,0.2528004142451137
DEMO,A,49,TRP,False,1.043916003455846,-1.001006806607571,-1.20898492947467,False,gauche-,0.16825201530971556
DEMO,A,50,LEU,False,7.600402334500399,3.3530773553622684,3.15186482548572,False,trans,0.21173402324438145
DEMO,A,51,GLU,False,1.042324316291051,0.8553959319112419,1.3235984720309864,False,gauche+,0.33643027538939263
DEMO,A,52,GLU,False,7.600402334500399,3.2729521198225893,2.8544124897149867,False,trans,0.31579701691454554
DEMO,A,53,VAL,False,0.9129084827649607,0.9360085716416742,1.0216505855038205,False,gauche+,0.11408609306384858
DEMO,A,54,TRP,False,1.0554277555518787,-1.0141929915747299,-1.2183833347624713,False,gauche-,0.17433838777187188
DEMO,A,55,GLU,False,1.1427542451075443,-1.404896852192697,-0.9757366428092709,False,gauche-,0.36476766764701063
DEMO,A,56,LEU,False,0.8593761641230888,0.868573496470753,0.9802341017176509,False,gauche+,0.19076335206957595
DEMO,A,57,PHE,False,1.096066067171182,1.2892772778239254,1.0169503580981518,False,gauche+,0.24396206003044085
DEMO,A,58,ILE,False,7.600402334500399,3.4142797517801338,3.307345849110768,False,trans,0.3191118539711163
DEMO,A,59,VAL,False,1.0425116823011433,-1.068636446228823,-1.1444410083472225,False,gauche-,0.09957869339777556
DEMO,A,60,MET,False,7.600402334500399,2.9950542133290243,3.0259372707969656,False,trans,0.18668069542139157
DEMO,A,61,TRP,False,0.7995483898804719,0.7374318152317791,0.978571738375778,False,gauche+,0.31727639900116084
DEMO,A,62,TRP,False,1.197886164073637,1.1226568042886795,1.3774677484924958,False,gauche+,0.33878090574748504
DEMO,A,63,TYR,False,7.600402334500399,2.9954443729438625,2.885608706937167,False,trans,0.29476618001327126
DEMO,A,64,GLU,False,1.163586232865304,0.9997191589552639,1.4215986872910584,False,gauche+,0.3773995342321515
DEMO,A,65,TYR,False,0.8471125780750032,0.7882090563006257,1.0261738502473148,False,gauche+,0.25984040580726814
DEMO,A,66,ARG,False,0.9070023343500019,-1.0468348289576623,-0.8960104948382671,False,gauche-,0.15118749147240862
DEMO,A,67,ILE,False,7.600402334500399,3.3760798100682416,3.247872655781859,False,trans,0.25744837427976497
DEMO,A,68,TYR,False,1.0553307197052473,1.473804226127851,0.6567799912920973,False,gauche+,0.5782898288727584
DEMO,A,69,LEU,False,0.9495423236809905,1.1033959247436043,0.9226576472324789,False,gauche+,0.13663251761100215
DEMO,A,70,PHE,False,1.0146816255038016,0.9293245998077553,1.2171179706008026,False,gauche+,0.20680179302805216
DEMO,A,71,PHE,False,0.8616136904643973,-0.8672775761099475,-0.9857376470212758,False,gauche-,0.19012763412092562
DEMO,A,72,LYS,False,0.8424814831207624,0.8813985490121832,0.9351613431572037,False,gauche+,0.20010352579900692
DEMO,A,73,ILE,False,7.600402334500399,3.1374123347969634,3.1650581302515497,False,trans,0.023834925218534427
DEMO,A,74,LYS,False,7.600402334500399,3.4521646087576583,3.0536890784949375,False,trans,0.32277233129753763
DEMO,A,75,LYS,False,0.8896829298313654,-1.0447682493819526,-0.8610107344017818,False,gauche-,0.18620266446937048
DEMO,A,76,PHE,False,7.600402334500399,3.220001031536312,3.116687604071056,False,trans,0.0822686770510801
DEMO,A,77,TYR,False,7.600402334500399,3.3663010099280966,3.5702336912125707,False,trans,0.4839700244256801
DEMO,A,78,TYR,False,7.600402334500399,3.073074879943664,3.191455561914184,False,trans,0.08474075130649258
DEMO,A,79,ILE,False,7.600402334500399,3.2064963168647043,3.476651303523437,False,trans,0.3412869531667731
DEMO,A,80,ARG,True,1.7124624000235353,1.1980990443238237,2.1352763401053045,False,g+/t,1.0175675817423813
DEMO,A,81,ARG,False,1.145043106519498,-1.3635283363195068,-1.0313957483477862,False,gauche-,0.3167252162202258
DEMO,A,82,MET,False,0.9976190488522665,0.983723794142469,1.1388858105089934,False,gauche+,0.1115152668037147
DEMO,A,83,GLU,True,0.6582020273603065,0.9808993102871679,-0.30647426993366056,False,gauche+,1.3552943798561974
DEMO,A,84,GLU,False,1.0128383883341745,-1.1076623996118593,-1.048110116994657,False,gauche-,0.06047173447335838
DEMO,A,85,VAL,False,1.114673917272466,1.1581361100413234,1.193832224145468,False,gauche+,0.18387248611297682
DEMO,A,86,LYS,False,1.309577551276447,-1.1570491875048117,-1.5390362236123074,False,gauche-,0.5039570038041341
DEMO,A,87,TYR,False,0.8844073973117919,-0.7754342245300518,-1.1044668544297815,False,gauche-,0.2777320269858736
DEMO,A,88,ILE,False,1.035859929351429,1.1419230287421105,1.0580676667843119,False,gauche+,0.09534713162500343
DEMO,A,89,TYR,False,1.1442537341995485,0.9608091108749232,1.4191909524939836,False,gauche+,0.3818927247670602
DEMO,A,90,TYR,False,7.600402334500399,3.119406266463891,3.3368544788860137,False,trans,0.19651823373853167
DEMO,A,91,TYR,False,1.1826358919892077,-1.3176876621785971,-1.1588816250831497,False,gauche-,0.29264010746811725
DEMO,A,92,PHE,True,2.057806028418291,2.4811402507878233,1.3538297076159767,False,gauche+,1.4663611236872622
DEMO,A,93,TYR,False,1.037019088152044,1.0226398013650946,1.1769761994473076,False,gauche+,0.13208171947157635
DEMO,A,94,ARG,False,1.094793000809163,-1.2935437046985627,-1.0092805671644798,False,gauche-,0.2492471163791181
DEMO,A,95,TYR,False,1.0150072744214735,1.1153206014542696,1.0444419601431592,False,gauche+,0.06817875958436828
DEMO,A,96,VAL,False,1.1026665948506942,1.024289582146074,1.29476081359129,False,gauche+,0.24862088394485904
DEMO,A,97,TYR,False,0.986511933106812,1.0482462911402342,1.056593669949546,False,gauche+,0.009454464717205617
DEMO,A,98,LYS,False,0.9677388510438253,-1.1372106454924464,-0.9226275647270978,False,gauche-,0.15368812144640434
DEMO,A,99,LEU,False,7.600402334500399,2.967171900509081,3.0073878713596542,False,trans,0.22007617471839544
DEMO,A,100,GLU,False,1.0989600098423464,-1.2127761669797403,-1.107970438282783,False,gauche-,0.17637919891373766
DEMO,A,101,LEU,False,0.8240739082738976,-1.0242252575538184,-0.7369449802500034,False,gauche-,0.31110188693446
DEMO,A,102,MET,False,1.2131127456163595,0.934545828904525,1.5550491094387762,False,gauche+,0.5201957475262357
DEMO,A,103,MET,False,1.1567280949567682,1.2771221669632142,1.152239893734787,False,gauche+,0.25278295563850145
DEMO,A,104,VAL,False,1.0779444028611362,-0.83551265382668,-1.3989454484812205,False,gauche-,0.4105326771630562
DEMO,A,105,MET,True,0.7768371987367528,-1.0994533688568524,0.4882322450031118,False,gauche-,1.5363187590917526
DEMO,A,106,PHE,False,1.063616537268346,1.0442538994696102,1.206478637135863,False,gauche+,0.15930828422741047
DEMO,A,107,VAL,False,1.0381868981042253,-1.35182972529095,-0.8060145097480805,False,gauche-,0.3885486082535992
DEMO,A,108,ARG,False,7.600402334500399,3.2149123028091626,2.953616696324322,False,trans,0.20176900523004423
DEMO,A,109,ILE,False,1.0762736944313998,1.0346617317419633,1.2382260152968452,False,gauche+,0.19143933991188633
DEMO,A,110,TYR,False,7.600402334500399,2.9784928389320955,3.0297875549430215,False,trans,0.19774207853866016
DEMO,A,111,ILE,False,0.8257180041657537,0.7603797773500929,1.008890986413939,False,gauche+,0.28936452495029996
DEMO,A,112,LYS,False,0.9873510814250428,-1.067587453692569,-1.0387707348482118,False,gauche-,0.022062623542195483
DEMO,A,113,LEU,False,0.9655116755649785,-0.8769266982764956,-1.171270295703708,False,gauche-,0.21068034859394386
DEMO,A,114,GLU,False,7.600402334500399,3.3015308981068348,3.1553937558615996,False,trans,0.1605325900965591
DEMO,A,115,ARG,False,0.8566708085927581,-0.7182040084963408,-1.0970047591078733,False,gauche-,0.33274240652249715
DEMO,A,116,ILE,False,7.600402334500399,3.1473167655033585,3.335317284850677,False,trans,0.19380917990220303
DEMO,A,117,MET,False,7.600402334500399,2.9673432773668074,3.096242768130148,False,trans,0.18005403973613743
DEMO,A,118,TRP,False,0.8438095127046503,-0.8092775949396479,-1.0025303194573265,False,gauche-,0.2420765729610336
DEMO,A,119,PHE,False,1.0992537847360373,1.0908420977028168,1.2293103756708137,False,gauche+,0.18726966459549757
DEMO,A,120,TRP,False,0.8958633329770085,0.8724027272995782,1.0465383671311268,False,gauche+,0.17479606684597393
DEMO,A,121,TYR,False,0.9237280009929925,0.6456839469240429,1.260688785643548,False,gauche+,0.45474353387554667
DEMO,A,122,TRP,False,1.0780017292033075,-1.3302380551001005,-0.928117324054513,False,gauche-,0.3070700691147858
DEMO,A,123,ARG,False,0.7567969101877049,1.0059497594054243,0.5916074676344861,False,gauche+,0.45745349989674333
DEMO,A,124,PHE,False,7.600402334500399,3.176385919423707,3.3231670430382785,False,trans,0.1848778792905729
DEMO,A,125,VAL,False,1.1113886895627811,-1.1919979105174574,-1.1537136116406785,False,gauche-,0.17975765683824765
DEMO,A,126,VAL,False,0.6240974779944718,-0.6385334532601366,-0.7232751201091354,False,gauche-,0.5214710790675099
DEMO,A,127,VAL,False,0.8255657977669175,0.9342861505426826,0.8467882064708507,False,gauche+,0.23002801970853937
DEMO,A,128,TRP,False,1.2092016900185352,1.4165936174861182,1.100388605067484,False,gauche+,0.3732060315724646
DEMO,A,129,VAL,False,7.600402334500399,3.10200005984953,3.2369582724546153,False,trans,0.10325780716513423
DEMO,A,130,GLU,False,1.0247764960189343,-0.6337887508463217,-1.4361854092707476,False,gauche-,0.567642836593724
DEMO,A,131,LEU,True,1.2157115903138314,-0.8654760775122251,1.6080865088669731,False,g-/t,1.5442356652728453
DEMO,A,132,LEU,False,7.600402334500399,2.647263753564335,2.9822136024956976,False,trans,0.519386891756072
DEMO,A,133,LYS,False,1.0081483391040031,-0.9729683765223358,-1.1679945885397618,False,gauche-,0.14178115038222772
DEMO,A,134,TRP,False,7.600402334500399,3.158910611084373,3.110457206511377,False,trans,0.035627625749647104
DEMO,A,135,VAL,False,0.9756083769158775,1.1147180836116382,0.9648221579721041,False,gauche+,0.10651163178968046
DEMO,A,136,PHE,False,0.9311340741397899,1.1778774987795748,0.7889726734068565,False,gauche+,0.28940859733224306
DEMO,A,137,MET,False,0.9113164647331838,-0.8069547667638086,-1.128812625800908,False,gauche-,0.25372744407077186
DEMO,A,138,LEU,False,7.600402334500399,3.283177526983728,3.5832827587630294,False,trans,0.4638280127179913
DEMO,A,139,TYR,False,0.856058227510537,1.1845639093051268,0.5792789506936203,False,gauche+,0.4876651853850811
DEMO,A,140,ARG,True,1.6003196750508433,0.8301686645564059,-2.2364195994320264,False,g+/t,0.9308274789721136
DEMO,A,141,MET,False,7.600402334500399,3.1390438234921194,3.3524716967596158,False,trans,0.21089444606979751
DEMO,A,142,TYR,False,0.8506982068424747,0.9553253712885488,0.8772286773036393,False,gauche+,0.19320951201609426
DEMO,A,143,GLU,False,0.9411849449391985,1.0615107986404761,0.9516660618435743,False,gauche+,0.09659779764775442
DEMO,A,144,PHE,False,0.9368095222153393,-0.8396895623450178,-1.149200830967547,False,gauche-,0.23122334337444814
DEMO,A,145,PHE,False,7.600402334500399,3.0527340015745708,3.2170527521987635,False,trans,0.11657652645381882
DEMO,A,146,PHE,False,0.9922671205270213,-1.0417446102328218,-1.074217612779585,False,gauche-,0.027564801706213247
DEMO,A,147,GLU,False,7.600402334500399,3.377987463314156,3.2132270226620627,False,trans,0.2470100987753332
DEMO,A,148,GLU,False,1.3291403741041925,-1.2253662196868131,-1.5121414834870779,False,gauche-,0.4979125772716642
DEMO,A,149,ARG,False,1.0540846624612847,-1.1009643865556327,-1.1351704087196812,False,gauche-,0.10310235809768051
DEMO,A,150,GLU,False,1.048999153008224,1.0905697585931853,1.1356208842592923,False,gauche+,0.09848773631457292
DEMO,A,151,ARG,False,7.600402334500399,2.873303622029854,3.5189582760146405,False,trans,0.4630160012823127
DEMO,A,152,TYR,False,7.600402334500399,2.943671689538077,3.1164352695698634,False,trans,0.1995134130375372
DEMO,A,153,TRP,False,0.9403329169903388,-1.1418827897366968,-0.8568209475908868,False,gauche-,0.2126230128604179
DEMO,A,154,LYS,False,7.600402334500399,3.0239752883268824,3.1149124820114844,False,trans,0.12060545662131933
DEMO,A,155,TRP,False,0.8768881772804932,1.2176468490026513,0.5830500764009715,False,gauche+,0.4944550955159964
DEMO,A,156,VAL,False,0.9033888351832602,-0.8790921011462863,-1.0548958952005458,False,gauche-,0.16828162952925324
DEMO,A,157,ARG,False,0.7456546048837257,0.5078202226082833,1.0363385778930352,False,gauche+,0.5394866262441302
DEMO,A,158,ILE,False,1.2988925461249476,1.4169887701856667,1.2725105571061492,False,gauche+,0.4330259764418519
DEMO,A,159,PHE,False,7.600402334500399,3.1341854708459693,3.227482302666527,False,trans,0.08620845767513137
DEMO,A,160,LEU,False,7.600402334500399,3.141732477101228,3.1732438497804667,False,trans,0.03165150503396102
DEMO,A,161,VAL,False,0.9994683539193854,-1.2037062922434938,-0.9123414574472426,False,gauche-,0.20659417234137858
DEMO,A,162,ILE,False,0.8916530887066652,-0.5332121832585308,-1.268618442116602,False,gauche-,0.5596500418924655
DEMO,A,163,LEU,False,7.600402334500399,3.4193091073978508,2.6097223821799185,False,trans,0.6000103451819283
DEMO,A,164,ARG,False,0.9944470363640341,-1.118503969185413,-0.9995382987723079,False,gauche-,0.08576718246531026
DEMO,A,165,VAL,False,7.600402334500399,2.975861046322234,3.3259195972605626,False,trans,0.24787776788267127
DEMO,A,166,LEU,False,1.2133153344030225,1.2343332298260898,1.3015085701954294,False,gauche+,0.3157433397561139
DEMO,A,167,ARG,False,7.600402334500399,3.28592706639844,2.9157822993463474,False,trans,0.2679976470127441
DEMO,A,168,ARG,False,7.600402334500399,3.334150791659932,3.176104339516665,False,trans,0.1956264118225188
DEMO,A,169,PHE,False,0.817627163092186,-0.7972364873143546,-0.9631326337596935,False,gauche-,0.26371849347517573
DEMO,A,170,GLU,True,1.668528037497452,-2.43618013071076,-0.6652911546689684,False,gauche-,1.4405294519386038
DEMO,A,171,ILE,False,7.600402334500399,3.2076564672383165,3.315594635102608,False,trans,0.18612124286113307
DEMO,A,172,ILE,False,7.600402334500399,2.8418607732884023,3.3694241681621286,False,trans,0.3764922298020659
DEMO,A,173,TRP,False,7.600402334500399,3.2928629674472694,2.8589877845214375,False,trans,0.32054363178151235
DEMO,A,174,PHE,False,0.7605381420381502,0.6965036679464651,0.9382131042048159,False,gauche+,0.36723808276806214
DEMO,A,175,MET,True,2.4006927815325834,1.84311800005358,-2.4122491413188185,False,g+/t,1.0795514437952742
DEMO,A,176,LYS,False,1.0230247468377378,1.502893296834279,0.4903967054361932,False,gauche+,0.7195038529652111
DEMO,A,177,TRP,False,0.8027483963796173,0.7755280073393672,0.9533097685146884,False,gauche+,0.2874356567938659
DEMO,A,178,MET,False,1.1096767990090446,-1.3048870271480626,-1.0270340667457871,False,gauche-,0.25847714042316916
DEMO,A,179,LEU,False,1.1066210177311229,-1.373116148391863,-0.9368248201346975,False,gauche-,0.34410038035403595
DEMO,A,180,GLU,False,0.9787843905471875,-1.1410270952355845,-0.9418100686702395,False,gauche-,0.14110458818836338
DEMO,A,181,LYS,False,7.600402334500399,3.4656993426229685,3.455691580642021,False,trans,0.4513349995861259
DEMO,A,182,GLU,False,0.9192733254764692,-1.0788178492106373,-0.8858789016138603,False,gauche-,0.1643884118473522
DEMO,A,183,VAL,False,1.0076291725570161,-0.943665747102773,-1.1923463138272907,False,gauche-,0.1782890847812714
DEMO,A,184,ARG,False,7.600402334500399,3.0192890929914036,2.8602604342201485,False,trans,0.30676697767278305
DEMO,A,185,TRP,False,1.2189999681982497,1.1968044963889426,1.3473918773094555,False,gauche+,0.3354085143226662
DEMO,A,186,PHE,False,7.600402334500399,2.790635285474746,3.1168138578416813,False,trans,0.3518310147684074
DEMO,A,187,ILE,False,7.600402334500399,3.2165096754799887,2.931826986773458,False,trans,0.22274244127197157
DEMO,A,188,ARG,False,0.7054620537322931,0.8380150174251779,0.6910862145545011,False,gauche+,0.4130043783303656
DEMO,A,189,LEU,False,7.600402334500399,3.338737196954506,3.0226997439621486,False,trans,0.23022053543984397
DEMO,A,190,ARG,False,0.780681890804859,-1.0036959700578854,-0.6580232942310609,False,gauche-,0.3915979952020255
DEMO,A,191,TRP,False,7.600402334500399,3.253550743176001,3.3577487987007175,False,trans,0.24342985209913826
DEMO,A,192,GLU,False,1.0851530318941152,1.1006076282662884,1.1940881126866578,False,gauche+,0.15629930706006173
DEMO,A,193,TYR,False,0.8872738398056168,-0.8835006042688897,-1.0204280203473977,False,gauche-,0.16587133029954004
DEMO,A,194,PHE,False,7.600402334500399,3.1336816228184623,3.277892793064318,False,trans,0.13652952951153033
DEMO,A,195,ARG,False,0.7481394098503753,-0.6089843500846541,-0.9791840250915514,False,gauche-,0.44345986217697136
DEMO,A,196,ARG,False,0.956928988769879,1.09162430552334,0.9514478268639022,False,gauche+,0.10555447034491672
DEMO,A,197,LEU,False,7.600402334500399,3.1042183247575212,3.053646441934958,False,trans,0.09555823669417429
DEMO,A,198,GLU,False,1.048175721960516,-0.8408286433028707,-1.3443096258039922,False,gauche-,0.3617508963675965
DEMO,A,199,VAL,False,0.9062542622084689,-0.9045176331555085,-1.0377941085718485,False,gauche-,0.1429894532663471
DEMO,A,200,TYR,False,0.9402195757276894,-0.8025633610783062,-1.1838839092226223,False,gauche-,0.280230347116887
DEMO,A,201,MET,False,7.600402334500399,2.980386589655679,3.101434280381646,False,trans,0.1661327480897564
DEMO,A,202,ARG,False,0.9104494078533854,0.9631601877774262,0.9908406294244962,False,gauche+,0.10118488564045844
DEMO,A,203,ARG,False,1.3174425762720678,-1.4339332114181098,-1.2886767175258727,False,gauche-,0.45593492809616004
DEMO,A,204,ARG,False,7.600402334500399,3.10844804296047,2.9764756849863008,False,trans,0.16841074352480045
DEMO,A,205,ARG,False,7.600402334500399,3.1221727401091286,3.1524564308806404,False,trans,0.022252071737742202
DEMO,A,206,ILE,True,0.5417050179946625,0.46926952492030743,0.699119135847539,False,gauche+,0.6746550131641506
DEMO,A,207,TRP,False,0.9791896402175451,1.1582729145579793,0.9226234519119408,False,gauche+,0.16690249416484615
DEMO,A,208,ILE,False,1.143815667014237,-1.1218774048719116,-1.2819115925990228,False,gauche-,0.24630826574929562
DEMO,A,209,TRP,False,0.9796477037945297,1.115921269103641,0.9718870209921444,False,gauche+,0.10195403553877966
DEMO,A,210,TYR,False,1.3379995119963752,1.5186728242031393,1.2347652115099264,False,gauche+,0.5074155695798162
DEMO,A,211,LYS,False,0.7649167986534627,0.7484316229537495,0.9039863270497988,False,gauche+,0.33131636633350203
DEMO,A,212,ARG,False,0.9185592391614117,-0.9900244730516167,-0.9803061931991927,False,gauche-,0.08799553761020552
DEMO,A,213,ILE,True,1.3320529871797213,1.4072476783030585,-1.3429224282546168,False,g+/t,1.8343529304734874
DEMO,A,214,VAL,False,1.080727155508137,1.2286965048800487,1.0543764611501376,False,gauche+,0.1816408735288083
DEMO,A,215,LEU,False,0.861171086537932,-0.826454777318478,-1.0206843376036405,False,gauche-,0.2223293114153696
DEMO,A,216,LYS,False,7.600402334500399,3.065934076882387,3.250948524422841,False,trans,0.13297716614157737
DEMO,A,217,TRP,False,1.2161824375992742,1.2605324891144285,1.2810566692857321,False,gauche+,0.31654680988730954
DEMO,A,218,MET,False,0.861348610885839,0.9731328774771383,0.8804857537407442,False,gauche+,0.18242368076576973
DEMO,A,219,MET,False,0.8567952193753015,-1.0414485866096341,-0.7915071786751379,False,gauche-,0.25575499446537703
DEMO,A,220,LEU,False,1.005505642140404,1.0854173648005783,1.0564848608278274,False,gauche+,0.039332026036162406
DEMO,A,221,VAL,False,0.7163920454073665,-0.9181007149683825,-0.6145466065355056,False,gauche-,0.4515006456698261
DEMO,A,222,ILE,False,7.600402334500399,3.191469390331944,3.457083309542488,False,trans,0.3194088960275019
DEMO,A,223,ILE,False,7.600402334500399,3.176701819567895,3.2232951232652782,False,trans,0.08892663879148623
DEMO,A,224,TRP,True,2.573197257507662,-2.1664086440035946,2.2566863373404593,False,trans,1.3168306804941103
DEMO,A,225,VAL,False,7.600402334500399,3.0242830358855244,3.52375357128155,False,trans,0.3997605701128209
DEMO,A,226,GLU,False,7.600402334500399,3.368913607930705,3.0501991888743083,False,trans,0.24500526866817268
DEMO,A,227,MET,False,1.3749066133442358,-1.3368003312798464,-1.486958742520614,False,gauche-,0.5265545324338827
DEMO,A,228,ILE,False,0.9603091651708214,0.842950987770455,1.1888688406564683,False,gauche+,0.24857074029058965
DEMO,A,229,TYR,False,0.9132942549577513,-0.961029502329848,-0.9985360183709244,False,gauche-,0.09895896837804358
DEMO,A,230,LEU,False,0.8750313844588744,-1.1159352207841544,-0.7373556558913368,False,gauche-,0.3173749632637779
DEMO,A,231,LEU,False,1.1243218718034258,-1.1893719372788458,-1.1810217674191263,False,gauche-,0.19524978080765745
DEMO,A,232,ARG,False,0.8829700625232576,-1.0636277868751114,-0.8237383848789721,False,gauche-,0.22406238340207785
DEMO,A,233,ILE,False,1.0634623300546635,1.1157426204721386,1.1385481950273544,False,gauche+,0.11420755951460693
DEMO,A,234,ARG,False,7.600402334500399,3.011598011217099,3.329037377896763,False,trans,0.22810991148154983
DEMO,A,235,LEU,True,1.2236786913403221,0.4237202914341221,1.8482687967976237,False,gauche+,1.0151054299774507
DEMO,A,236,TRP,False,0.8424166189593381,1.0391659610677288,0.761042530772988,False,gauche+,0.2862677106374985
DEMO,A,237,LEU,False,1.07105609155892,0.7565122517417164,1.4402630528873401,False,gauche+,0.488874658719972
DEMO,A,238,TRP,False,0.9372131720101181,-1.2346019520765827,-0.723437146192478,False,gauche-,0.3740871680739901
DEMO,A,239,VAL,False,1.0560432185714168,1.098796949620611,1.14102089315281,False,gauche+,0.10707622244715416
DEMO,A,240,TRP,False,0.9101325496078756,1.079749966981394,0.8648386534463263,False,gauche+,0.18524153789612138
DEMO,A,241,LEU,False,0.9617060723130368,1.0030047164306648,1.0525747189955037,False,gauche+,0.04451876658429155
DEMO,A,242,MET,False,1.0507591912481054,0.9529759167360577,1.2622224062400553,False,gauche+,0.23476244309274766
DEMO,A,243,ILE,False,7.600402334500399,3.268015873843469,2.9458393240175424,False,trans,0.2330283172876884
DEMO,A,244,LYS,False,1.095189798268052,1.0893111467223147,1.2232568010472473,False,gauche+,0.18102600472329158
DEMO,A,245,ILE,False,1.0942207547522391,1.1868422139193155,1.1258946282809474,False,gauche+,0.1602930496576871
DEMO,A,246,PHE,False,0.809815844533659,-1.1142799799354357,-0.5645187681731703,False,gauche-,0.48731802739738467
DEMO,A,247,VAL,False,0.8781734405380057,-1.0867881765102638,-0.7837419058503605,False,gauche-,0.2664137659309845
DEMO,A,248,MET,False,0.8772953503371412,-0.7100678909127647,-1.139256640035367,False,gauche-,0.34947286544296546
DEMO,A,249,MET,False,0.9936640081032551,0.9831280895577336,1.132030740476981,False,gauche+,0.1063088233317217
DEMO,A,250,MET,False,0.9802188877115267,1.1517646488036974,0.9324575504088818,False,gauche+,0.15524028369832932
DEMO,A,251,VAL,False,1.153679282815506,-0.9459993292046907,-1.446679819888499,False,gauche-,0.4121009137742256
DEMO,A,252,LEU,False,7.600402334500399,3.0411415103509682,3.1839116476658718,False,trans,0.10900151117116721
DEMO,A,253,ARG,False,1.0893810857883894,1.1270421757176534,1.176636739137146,False,gauche+,0.152084408930097
DEMO,A,254,PHE,False,0.8565978333125654,-1.0023071874846032,-0.8377778906741667,False,gauche-,0.21417688709925106
DEMO,A,255,ILE,False,0.8817091725897598,-0.8314613845103385,-1.0548992450967392,False,gauche-,0.21587359659164637
DEMO,A,256,TRP,False,7.600402334500399,3.272057229272477,2.826314222192943,False,trans,0.3412059419355428
DEMO,A,257,LEU,False,7.600402334500399,3.4369007235349724,3.4176109244192836,False,trans,0.4042189283129241
DEMO,A,258,ILE,False,1.1076739645446847,-1.1572585819656815,-1.1815222247842079,False,gauche-,0.1736564091197652
DEMO,A,259,TRP,False,0.8978148069117614,1.0257323520772823,0.9000071673565917,False,gauche+,0.1487473154991381
DEMO,A,260,PHE,False,7.600402334500399,3.450043842799493,3.502492071262115,False,trans,0.4747531208966393
DEMO,A,261,ILE,False,1.0261013526938463,-1.3122128453838071,-0.8325871193959723,False,gauche-,0.34101428649073345
DEMO,A,262,ARG,False,1.0328650368643324,1.2687416412529378,0.9055817779577693,False,gauche+,0.2629387971922801
DEMO,A,263,VAL,False,7.600402334500399,2.830412923491814,3.0871134594898315,False,trans,0.31591265725455253
DEMO,A,264,LYS,False,0.8719641115222454,-0.6569906915925938,-1.1651932692794864,False,gauche-,0.4076571878035702
DEMO,A,265,TYR,False,7.600402334500399,2.8822923000936274,2.83907355342203,False,trans,0.3984400573355416
DEMO,A,266,ARG,False,1.1561371057253107,1.188639887799074,1.2412573286486097,False,gauche+,0.24013565293036496
DEMO,A,267,PHE,False,7.600402334500399,3.458393374702532,3.603150992589007,False,trans,0.5598203258164753
DEMO,A,268,GLU,False,1.0606826484871252,-1.1115221784057903,-1.137398557222583,False,gauche-,0.11078754060679148
DEMO,A,269,TYR,False,7.600402334500399,3.016818614387769,3.034244945541491,False,trans,0.1645967535585431
DEMO,A,270,ARG,False,7.600402334500399,3.3248581885302895,3.2108903487693916,False,trans,0.1959296477162934
DEMO,A,271,MET,False,1.1713826656574293,-0.9616234157585204,-1.4647753581167193,False,gauche-,0.426255976483841
DEMO,A,272,TYR,False,0.9636220542183324,0.9006607129450738,1.148282980521561,False,gauche+,0.17802052967724102
DEMO,A,273,TRP,False,1.079510889711901,1.2618150202786602,1.0144053752762134,False,gauche+,0.21710823300092402
DEMO,A,274,LEU,False,1.1984362114890204,1.0410200240822816,1.4478790046330186,False,gauche+,0.4007290717793892
DEMO,A,275,ARG,False,7.600402334500399,3.051808488067834,3.1550923607647947,False,trans,0.0907933834168842
DEMO,A,276,TYR,False,1.0599308126109748,1.1708032933933217,1.0754048823611104,False,gauche+,0.12678340993768666
DEMO,A,277,ILE,False,0.9396243615419808,1.1077246442444042,0.896342381192726,False,gauche+,0.16254479785497547
DEMO,A,278,LYS,False,7.600402334500399,3.1287649842711946,3.207345135650489,False,trans,0.06699207413783716
DEMO,A,279,TRP,False,7.600402334500399,3.2544732511684464,3.2127027795246637,False,trans,0.13341169109259884
DEMO,A,280,LYS,False,0.9085050080531505,-0.8669026252070404,-1.074970068635532,False,gauche-,0.18242141612890692
DEMO,A,281,TRP,False,0.9789624245497077,1.0171864337900922,1.072312841890906,False,gauche+,0.03913368107713184
DEMO,A,282,MET,False,0.7310770568885403,0.8279425338175572,0.7591873746777387,False,gauche+,0.3619704745201017
DEMO,A,283,LEU,False,7.600402334500399,2.9433141836985315,2.71091463086905,False,trans,0.4741285805317675
DEMO,A,284,GLU,False,7.600402334500399,3.469995685617067,3.34355607145832,False,trans,0.38553569692292305
DEMO,A,285,ILE,False,1.0540227685776395,1.2435506485949164,0.9822312744948731,False,gauche+,0.20682155585527995
DEMO,A,286,PHE,False,0.8781147459747808,1.0651191831821194,0.8109187545368374,False,gauche+,0.2369574954374915
DEMO,A,287,TYR,False,7.600402334500399,3.2605435219228505,3.3122757653458548,False,trans,0.20804334576217662
DEMO,A,288,VAL,False,7.600402334500399,3.1674540486230613,3.2176021462815982,False,trans,0.08028857161721291
DEMO,A,289,PHE,False,0.8392775877021748,0.7676939046278228,1.0281485355515285,False,gauche+,0.2801520184512128
DEMO,A,290,VAL,False,0.9545749193758294,-0.8530174048097358,-1.1706868736884173,False,gauche-,0.23012071184556973
DEMO,A,291,LEU,False,0.7571596054427563,-0.7442940386786814,-0.8925809133610922,False,gauche-,0.3400835817725509
DEMO,A,292,ARG,True,1.2124867618148496,1.8684655715116325,0.29531475591003753,False,gauche+,1.113467062395699
DEMO,A,293,LEU,False,1.124446660329636,1.326680491808672,1.0321687178345942,False,gauche+,0.279886726954665
DEMO,A,294,MET,False,1.044242954092891,1.1415898178459194,1.0750406329255782,False,gauche+,0.09841309467425233
DEMO,A,295,LYS,False,0.9947413421790422,0.9904091890200907,1.1274359944619756,False,gauche+,0.09830119966888201
DEMO,A,296,ARG,False,0.9357054300384476,-0.8992475632209458,-1.0979468873621143,False,gauche-,0.15641193708677142
DEMO,A,297,ARG,False,1.1815833731941254,-1.2186524351449428,-1.258857472188423,False,gauche-,0.27239071089889655
DEMO,A,298,PHE,False,7.600402334500399,3.0068945287410194,3.1973914860345536,False,trans,0.1457981294117805
DEMO,A,299,VAL,False,7.600402334500399,2.9040729697838907,3.2035567956351985,False,trans,0.2454692548867964
DEMO,A,300,TYR,False,0.9492605551770332,1.010140019421056,1.0212334112499124,False,gauche+,0.04524817371415492
DEMO,A,301,LYS,False,7.600402334500399,2.834203061584529,3.1951428984626857,False,trans,0.31201921415052225
DEMO,A,302,ILE,False,1.0870795694709403,-0.9138014705089657,-1.3571038051123,False,gauche-,0.33739650347756284
DEMO,A,303,MET,False,0.8700714905007414,-0.7054882772432203,-1.1297024817000267,False,gauche-,0.3515285073263902
DEMO,A,304,GLU,False,1.0071667298041447,-0.9866604813974005,-1.154027221134217,False,gauche-,0.12278971943470503
DEMO,A,305,LYS,True,1.5374882914250199,2.052150108097536,-0.962494921254868,False,gauche+,2.2469520411993265
DEMO,A,306,LEU,False,7.600402334500399,3.3739773740192094,2.8312865442397577,False,trans,0.38767581790590716
DEMO,A,307,ARG,False,0.942455645031549,1.0864310603123433,0.9268201089563509,False,gauche+,0.12660962379629453
DEMO,A,308,GLU,False,1.0292333600649046,-1.2662542416158966,-0.9006025153443014,False,gauche-,0.2635828866865082
DEMO,A,309,TRP,False,1.0506742860880471,-1.07590002006768,-1.1529299518640301,False,gauche-,0.10955898991043106
DEMO,A,310,TRP,False,1.2580119612008653,-1.4374212461663691,-1.1729833294343361,False,gauche-,0.4099958464701012
DEMO,A,311,LYS,False,0.9503081375598172,1.1549487496858715,0.8630628325807244,False,gauche+,0.2133445930311376
DEMO,A,312,LEU,False,1.0878098365152,-1.0694427634663377,-1.2279790794895555,False,gauche-,0.18214502584716205
DEMO,A,313,TYR,False,7.600402334500399,2.9231301006552775,3.0783109636508326,False,trans,0.22744331011528302
DEMO,A,314,TRP,False,1.1199246181930178,1.062234968717835,1.292607563190628,False,gauche+,0.24587028676238643
DEMO,A,315,TRP,False,7.600402334500399,3.2012030956112283,3.341978163380832,False,trans,0.20906400295652397
DEMO,A,316,TYR,False,0.7724064767747405,0.8899996590950077,0.780950960485042,False,gauche+,0.3091899486508411
DEMO,A,317,PHE,False,0.8711073556032268,0.6799564765759383,1.1487958165791063,False,gauche+,0.3810357127846042
DEMO,A,318,VAL,False,0.7206823793472901,-0.9694818302904048,-0.5485976477100395,False,gauche-,0.5046202503197571
DEMO,A,319,VAL,False,7.600402334500399,3.157958525299306,3.1218147229515645,False,trans,0.025671156910876073
DEMO,A,320,MET,False,0.9216924624531364,-0.993719088382217,-0.9828579899573949,False,gauche-,0.08366316468698877
DEMO,A,321,PHE,False,0.8829142240749267,0.9603755152974015,0.9384416645519297,False,gauche+,0.13916144867580665
DEMO,A,322,TRP,False,0.9846126522268128,-1.0922268566666018,-1.007681766786316,False,gauche-,0.05990939466119484
DEMO,A,323,TRP,False,7.600402334500399,3.6345681807613297,3.081564596711295,False,trans,0.496616791905653
DEMO,A,324,TYR,False,7.600402334500399,2.9816848693432565,3.211902245354971,False,trans,0.17468239223465784
DEMO,A,325,PHE,False,0.9632392128573136,1.0255900112387475,1.033439381909622,False,gauche+,0.025615874085402047
DEMO,A,326,ILE,False,7.600402334500399,2.8996537050215716,3.261578399589034,False,trans,0.2700574643983959
DEMO,A,327,ILE,False,7.600402334500399,3.3703902374302257,2.7384727662571735,False,trans,0.4635234383871906
DEMO,A,328,ARG,False,0.8403869228641812,-0.719299819313097,-1.067056093204929,False,gauche-,0.32849853008048713
DEMO,A,329,LYS,False,7.600402334500399,3.0288628481045246,3.0594064223299564,False,trans,0.1395083712665367
DEMO,A,330,LEU,False,1.0173209001514358,-0.9867076083245728,-1.1727832485473875,False,gauche-,0.13939440651527238
DEMO,A,331,PHE,False,7.600402334500399,2.9949914409344647,2.9929346529967997,False,trans,0.20878485743060787
DEMO,A,332,PHE,False,1.1129231712616445,-1.2559921191962493,-1.0889896486630037,False,gauche-,0.2129360256903532
DEMO,A,333,TRP,False,0.8315775628224253,1.123269257273381,0.612433299949658,False,gauche+,0.4413692995981308
DEMO,A,334,MET,False,1.0144167248817544,1.1308388737475048,1.0268344027906837,False,gauche+,0.08608442745971054
DEMO,A,335,TYR,False,7.600402334500399,3.415480848874614,3.064786218013765,False,trans,0.28445381358363014
DEMO,A,336,TYR,False,1.0653465210499085,-0.9556900819669516,-1.2859169332607967,False,gauche-,0.25565711470234437
DEMO,A,337,VAL,False,1.0401446550669542,1.0441355813619986,1.1630558511168152,False,gauche+,0.11589875460793822
DEMO,A,338,MET,False,7.600402334500399,3.3809069539226915,3.109886738984399,False,trans,0.24140546672515356
DEMO,A,339,ILE,False,1.1193887326820262,-1.1358540014348997,-1.2241580940019778,False,gauche-,0.19792675382280014
DEMO,A,340,GLU,False,1.1207138205078047,1.2495782135619466,1.1114080178630303,False,gauche+,0.2123226707842534
DEMO,A,341,ILE,False,1.0462966382357892,1.140206643399634,1.0805281169093004,False,gauche+,0.09880090001190135
DEMO,A,342,ARG,False,0.99816770778637,1.1122329105024105,1.0138527445792298,False,gauche+,0.07308538902123894
DEMO,A,343,TRP,False,7.600402334500399,2.6552499393373634,3.1221310158353877,False,trans,0.4867319498969676
DEMO,A,344,VAL,False,7.600402334500399,3.116834736027609,3.336822325206735,False,trans,0.19679323962391312
DEMO,A,345,ARG,False,0.9136281796419751,0.9263297368839353,1.032034072032955,False,gauche+,0.12181526848907918
DEMO,A,346,VAL,False,7.600402334500399,3.3602063709124352,3.256666579028268,False,trans,0.2470505327204209
DEMO,A,347,PHE,False,0.7909621361467984,0.5604170998869906,1.084351049613952,False,gauche+,0.48819626199084426
DEMO,A,348,TYR,False,7.600402334500399,2.9262604666849272,2.7858664869478322,False,trans,0.4158233475299532
DEMO,A,349,ILE,False,0.7926206801280773,-0.925771331039874,-0.7849657739329765,False,gauche-,0.2889806774654432
DEMO,A,350,LYS,False,7.600402334500399,3.197828566043684,2.9564684836349198,False,trans,0.19347722385594252
DEMO,A,351,GLU,False,0.8937593351287838,-0.8547576802775742,-1.0577695420548576,False,gauche-,0.1927300467234872
DEMO,A,352,TYR,False,7.600402334500399,3.15299527856921,3.1953111093624447,False,trans,0.05491531978436933
DEMO,A,353,LYS,True,0.3196306752916013,0.19947641798281068,0.45949873302788113,False,gauche+,1.031513945894176
DEMO,A,354,ILE,False,7.600402334500399,2.7084636079089686,3.3364450980155547,False,trans,0.47494025446478666
DEMO,A,355,ARG,True,2.1731932446230617,-1.5661345805994424,-2.427545912516345,False,g-/t,0.8826994895903476
DEMO,A,356,ILE,True,0.9122714507066431,0.9722896896271301,-0.9854675626714595,False,gauche-,2.0204304757484595
DEMO,A,357,ARG,False,0.8807685947021275,-0.8044512636514293,-1.0752061215850452,False,gauche-,0.2443567885943957
DEMO,A,358,TRP,False,7.600402334500399,2.933832287989282,3.24217273457262,False,trans,0.2308261731367786
DEMO,A,359,PHE,False,0.962885860897667,1.0283232011895214,1.0300189012530394,False,gauche+,0.025521502739316367
DEMO,A,360,TRP,False,7.600402334500399,2.902373207224917,3.133644872628558,False,trans,0.2393514377256288
DEMO,A,361,TRP,False,1.2024241891649048,1.1791996698200213,1.3342469564911048,False,gauche+,0.3159460719822335
DEMO,A,362,LYS,False,0.9151899864733468,1.079731550996104,0.8759362373079678,False,gauche+,0.1743241198968579
DEMO,A,363,ARG,False,7.600402334500399,3.1828421627373658,2.900564295148938,False,trans,0.24453259819011672
DEMO,A,364,VAL,False,1.010338874994083,0.9761351739730109,1.1692464263175468,False,gauche+,0.14122956268061018
DEMO,A,365,TYR,False,1.02204438806542,-1.3059046999153303,-0.8316067721754461,False,gauche-,0.3367621902724881
DEMO,A,366,LYS,False,7.600402334500399,3.4504978543254117,3.330631398992512,False,trans,0.3621575213977292
DEMO,A,367,LEU,False,0.9339074979399419,-1.0010108630305987,-0.9999126159441079,False,gauche-,0.06609898082100339
DEMO,A,368,VAL,False,1.0126644237358007,1.0230079214750414,1.1311040399780032,False,gauche+,0.08732374846334841
DEMO,A,369,PHE,False,1.2942563118442312,-1.2106346445183966,-1.466021676729353,False,gauche-,0.4495835090411521
DEMO,A,370,TYR,False,1.0390069850283086,-1.3869673911573268,-0.7557583992053483,False,gauche-,0.4476386080984504
DEMO,A,371,PHE,False,7.600402334500399,3.3749023717851943,3.0269930925916038,False,trans,0.2599355381347368
DEMO,A,372,ARG,False,7.600402334500399,3.5844429582822483,3.0823892081238133,False,trans,0.44679015244434794
DEMO,A,373,ARG,False,0.6149785416415537,-0.6749344317493187,-0.6698746219787155,False,gauche-,0.5300494533665533
DEMO,A,374,VAL,False,1.0062299896175257,-1.1084682433508595,-1.034078782059962,False,gauche-,0.06265939531086036
DEMO,A,375,GLU,False,1.0235726332252593,-0.9561790038146686,-1.21068258640083,False,gauche-,0.1871142236796699
DEMO,A,376,PHE,False,7.600402334500399,3.1579052605866664,3.4029041459426628,False,trans,0.26182016191026675
DEMO,A,377,PHE,False,0.8848091992884426,0.878545430337849,1.0201489720701913,False,gauche+,0.17080738714385688
DEMO,A,378,TRP,False,7.600402334500399,3.2962126418975672,3.318035810083155,False,trans,0.2346050473831225
DEMO,A,379,TRP,False,1.226832184121352,1.034539726968805,1.501370607403707,False,gauche+,0.45434940904406135
DEMO,A,380,VAL,True,1.5890880054983312,1.6601765445152188,1.5224813902442027,False,gauche+,0.7756532562361483
DEMO,A,381,TRP,False,1.3411282323644893,1.384595123801676,1.3819852348211017,False,gauche+,0.47531033557714714
DEMO,A,382,TYR,False,0.9961640153102671,0.9649133566647236,1.15294732035653,False,gauche+,0.13399142639414754
DEMO,A,383,TYR,False,0.6585854218976399,0.5043760910983803,0.8872978845639004,False,gauche+,0.5658825328037687
DEMO,A,384,ILE,False,0.999965434610855,-1.0060602762044608,-1.1228883615658896,False,gauche-,0.08614739791856046
DEMO,A,385,PHE,True,3.3475390942301133,1.6783620959074415,-3.3972206907619316,False,g+/t,0.6809657670459853
DEMO,A,386,VAL,False,0.7951970235703227,0.8519224969399233,0.8687063833252169,False,gauche+,0.26455896095773535
DEMO,A,387,TRP,False,1.1651228988807025,-1.2152538373280235,-1.2317635891419643,False,gauche-,0.24961477855114708
DEMO,A,388,PHE,False,0.927581784282575,0.9419819447542058,1.0443936435450798,False,gauche+,0.10525296070495367
DEMO,A,389,LEU,False,7.600402334500399,3.1619215111276953,2.9153873752914046,False,trans,0.22711690905533152
DEMO,A,390,MET,False,0.9473943862683505,-0.997782075635337,-1.0297313396135157,False,gauche-,0.052411427876089454
DEMO,A,391,LYS,False,1.2032301313092517,-1.3597067225739061,-1.1530080866658565,False,gauche-,0.3299361326245176
DEMO,A,392,GLU,False,0.9501423662881321,1.206050487120963,0.7963396665627478,False,gauche+,0.2969241208368906
DEMO,A,393,LYS,False,1.0260994941009653,1.1404835476833028,1.0400692547371009,False,gauche+,0.09355794862507436
DEMO,A,394,GLU,False,0.8838431761107391,0.9618461278201268,0.9388305536628693,False,gauche+,0.13794300136964058
DEMO,A,395,ILE,False,0.6376804557865419,-0.8436973053797614,-0.5145610811726329,False,gauche-,0.5701876526610364
DEMO,A,396,LEU,False,7.600402334500399,3.176880964645238,3.0681870857731286,False,trans,0.08144717480448767
DEMO,A,397,TYR,False,1.4204150769868433,-1.261625353593719,-1.6314676478955192,False,gauche-,0.6223751508032965
DEMO,A,398,ILE,False,0.8478931327179073,-0.959885590365064,-0.8664105829793586,False,gauche-,0.20076679601325578
DEMO,A,399,ARG,False,7.600402334500399,3.2654235057908325,3.553091747532133,False,trans,0.42972733712460304
DEMO,A,400,VAL,False,0.8716153437902175,-1.0837768394175658,-0.7722222673669606,False,gauche-,0.2773976406603742
DEMO,A,401,PHE,False,7.600402334500399,3.1672830011093436,3.354764853342121,False,trans,0.21471464948373126
DEMO,A,402,LYS,False,1.0405324405454213,-1.242004795820173,-0.9552980899824592,False,gauche-,0.21539585309211143
DEMO,A,403,ARG,False,0.6058018581168317,-0.6814788285835982,-0.643404328972625,False,gauche-,0.5447927591146037
DEMO,A,404,MET,False,1.0728585214912456,1.3001132266642903,0.9545645779023044,False,gauche+,0.26934588661908404
DEMO,A,405,TYR,False,0.8803055554322361,0.8845266216388141,1.0061414963576019,False,gauche+,0.16777196119177956
DEMO,A,406,PHE,True,1.0101799093895651,-1.5855215511301264,-0.05385882971698111,False,gauche-,1.1298294315936335
DEMO,A,407,ARG,False,7.600402334500399,2.913239835086633,3.248708142967479,False,trans,0.25222755159371124
DEMO,A,408,VAL,False,0.9523092186920493,-1.17590751766009,-0.8412053876803653,False,gauche-,0.2428971529210079
DEMO,A,409,ARG,False,7.600402334500399,3.074637587168485,3.0608629609413938,False,trans,0.10488214430772667
DEMO,A,410,TRP,False,7.600402334500399,3.342292344300366,3.0160093490701767,False,trans,0.23675204798562216
DEMO,A,411,LEU,False,1.1357435137176648,1.0520414425311493,1.3296416622796836,False,gauche+,0.2824856441817452
DEMO,A,412,ILE,False,7.600402334500399,3.2150971140916673,3.0183485429084715,False,trans,0.14349918651790827
DEMO,A,413,VAL,False,1.024747063387169,-0.9692201873021186,-1.2016715080594578,False,gauche-,0.1730395117561327
DEMO,A,414,TYR,False,0.9908255305559702,0.9467769503768216,1.1589357444032526,False,gauche+,0.15023222320824703
DEMO,A,415,LYS,True,0.9353146302369233,-0.9421486482616156,-1.0590502470560428,False,gauche-,0.10571545964039407
DEMO,A,416,GLU,False,0.956135569541332,-1.0203605163610536,-1.024639978670779,False,gauche-,0.0350581020168202
DEMO,A,417,PHE,False,1.043381763519558,-1.0949839710305365,-1.1205624335595352,False,gauche-,0.08755539894645636
DEMO,A,418,TRP,True,1.1948093864663234,1.1632600004496179,-1.3354044375665706,False,g+/t,1.8099133580997082
DEMO,A,419,LEU,False,7.600402334500399,3.046192177607201,3.274882716932471,False,trans,0.16391306172358636
DEMO,A,420,MET,False,0.9924697287518641,-0.8082627223309933,-1.2714736788115546,False,gauche-,0.32770357621331525
DEMO,A,421,VAL,False,1.0141202404224179,0.9453585030995049,1.2027037993595864,False,gauche+,0.18588540807457432
DEMO,A,422,TYR,False,0.8028650460471872,0.9281771923656538,0.8047021462670156,False,gauche+,0.2701293527704988
DEMO,A,423,PHE,False,1.090111785429222,1.3387885979097358,0.9440647444281554,False,gauche+,0.30929227981829804
DEMO,A,424,TRP,False,7.600402334500399,3.1980341821677802,3.290904672726007,False,trans,0.15962369876291205
DEMO,A,425,TRP,False,7.600402334500399,3.0657266696221273,2.9138590658956103,False,trans,0.24003798550947347
DEMO,A,426,PHE,False,0.8862816488800547,0.6126636419937903,1.216681886626682,False,gauche+,0.4664168288165115
DEMO,A,427,LYS,False,0.9623851826682644,-1.091569731955659,-0.9628606575437088,False,gauche-,0.09529743992539098
DEMO,A,428,PHE,False,7.600402334500399,3.2497664980860623,3.3185428645424557,False,trans,0.20739565518422712
DEMO,A,429,VAL,True,0.9222396471912615,0.9332377961022024,1.0422127790830786,False,gauche+,0.11406872373353821
DEMO,A,430,PHE,False,1.0492232332438145,-1.1232727620405156,-1.1036013373492046,False,gauche-,0.0947038795261081
DEMO,A,431,PHE,False,1.0332430207283547,-1.030029471851297,-1.1632031516942856,False,gauche-,0.11726910204839003
DEMO,A,432,PHE,False,7.600402334500399,3.272714733240371,3.447137377494546,False,trans,0.33249147068447366
DEMO,A,433,LYS,False,0.7214707542328347,-0.8571360328018824,-0.7050748766802126,False,gauche-,0.39137105819509566
DEMO,A,434,VAL,True,0.49788385523414397,0.6413390980166913,0.4352889869469516,False,gauche+,0.7342705053450325
DEMO,A,435,TYR,False,0.8626284006369411,-1.0331871185739614,-0.8148218906749596,False,gauche-,0.2327976370694965
DEMO,A,436,LYS,False,0.9168787138351336,0.8617269243584829,1.0948713477435548,False,gauche+,0.19149972401265722
DEMO,A,437,MET,True,1.8303975335306533,1.11999109104308,2.369283807085374,False,g+/t,0.7757318182415672
DEMO,A,438,LYS,False,0.8821131899639658,-0.7523863406989816,-1.1176001661672925,False,gauche-,0.3031009370321735
DEMO,A,439,VAL,False,1.1097173862759306,1.3336315799015244,0.9928926560983211,False,gauche+,0.291536403270277
DEMO,A,440,VAL,False,7.600402334500399,3.0690450708929036,3.0410727614685467,False,trans,0.12396531961491912
DEMO,A,441,LYS,False,1.1922431769565092,-1.0887237617930734,-1.397193126040357,False,gauche-,0.3524504625854765
DEMO,A,442,ILE,False,7.600402334500399,3.3229641926149402,3.098493013125819,False,trans,0.18642213971648944
DEMO,A,443,ARG,False,1.2303559496925989,-1.0912364765981892,-1.4607684964837961,False,gauche-,0.4159090690719233
DEMO,A,444,TRP,False,1.1943343832492006,1.5440910249248843,0.9065980591426296,False,gauche+,0.5164023057651828
DEMO,A,445,TYR,False,0.8753716529809925,0.9853557357866249,0.896766270078481,False,gauche+,0.16264679668545268
DEMO,A,446,LYS,False,1.0456703875305235,-1.1488886192025463,-1.070232136750586,False,gauche-,0.10426727887422056
DEMO,A,447,TYR,False,1.0159887765796674,1.21714090247752,0.9321396092160437,False,gauche+,0.205229317246322
DEMO,A,448,VAL,False,7.600402334500399,3.0544265854054906,3.155451465699571,False,trans,0.0882609206603047
DEMO,A,449,VAL,False,7.600402334500399,2.9999113002077005,2.838849775067228,False,trans,0.3342556751833992
DEMO,A,450,LEU,False,1.2249346252204008,1.2016018635972823,1.3534623001124915,False,gauche+,0.3429851135493255
DEMO,A,451,LEU,False,7.600402334500399,3.303733384659792,3.248627347799613,False,trans,0.1942834075172229
DEMO,A,452,LEU,False,1.0341291816678246,-0.8834714188406179,-1.288198255416403,False,gauche-,0.2913547422828226
DEMO,A,453,ARG,False,1.0485967472648017,-1.0085183945642495,-1.210920887117513,False,gauche-,0.16823022285803052
DEMO,A,454,LYS,False,0.7302518625280047,0.7123086984310585,0.8679596587332655,False,gauche+,0.3798378151281359
DEMO,A,455,GLU,True,0.999892538396698,1.4120257086537644,0.6024213877742666,False,gauche+,0.5752611754866475
DEMO,A,456,VAL,False,7.600402334500399,3.182937463038792,3.2933803736141827,False,trans,0.15731784774327578
DEMO,A,457,VAL,False,7.600402334500399,3.183575071518167,3.478920490750662,False,trans,0.33993027687857147
DEMO,A,458,VAL,False,1.005928319914422,-1.0538435493254898,-1.0888209226511056,False,gauche-,0.042150614970237275
DEMO,A,459,TYR,False,7.600402334500399,3.031847672041601,3.160161633818016,False,trans,0.11130484266971118
DEMO,A,460,LYS,False,7.600402334500399,3.394734221762733,2.968357683946893,False,trans,0.3067425765103889
DEMO,A,461,VAL,False,1.115157404766771,0.917952089227837,1.4022597297185,False,gauche+,0.377853860713686
DEMO,A,462,ILE,False,1.0241491399753317,1.2473140148051933,0.9130735093812686,False,gauche+,0.24090632536338794
DEMO,A,463,GLU,False,7.600402334500399,2.7777310678568483,3.0029552881425094,False,trans,0.3893784440236219
DEMO,A,464,MET,False,0.7669627185252522,-0.8406883103282662,-0.821856523831081,False,gauche-,0.3056544538824211
DEMO,A,465,LEU,False,0.9543491838387845,0.9663541488018756,1.0730798028517172,False,gauche+,0.08488549146640952
DEMO,A,466,VAL,False,7.600402334500399,3.1515083576867347,3.1093238112594346,False,trans,0.0337579527382755
DEMO,A,467,LEU,False,7.600402334500399,3.228877679488409,3.406861093187237,False,trans,0.27925977295805576
DEMO,A,468,ARG,False,1.1229223227716967,1.2916222116712084,1.069431983254505,False,gauche+,0.24543387015052842
DEMO,A,469,ARG,True,0.5710512409004206,-0.30280734022979583,0.8389624976185794,False,gauche+,1.365970367326403
DEMO,A,470,GLU,True,1.494248898103292,0.16622706206501986,-2.335594135762017,False,g+/t,1.1940446446684072
DEMO,A,471,GLU,False,0.861502446100578,-1.0989567637300182,-0.7274681170956543,False,gauche-,0.32389184477629146
DEMO,A,472,PHE,True,3.3188228936922246,-2.202783723913515,2.764476640431782,False,trans,1.011720659974932
DEMO,A,473,LEU,True,1.5845795538777143,-0.037441382405726364,-2.488453018182069,False,g-/t,1.2025801028421157
DEMO,A,474,LEU,False,1.0950158170251305,-1.2859825524764088,-1.0186089322438563,False,gauche-,0.24049030327608734
DEMO,A,475,VAL,False,1.0989534577710967,1.1748077714847491,1.147366446185489,False,gauche+,0.1622287762552813
DEMO,A,476,LEU,False,1.1274279684545596,-1.2047543015782454,-1.171367070846821,False,gauche-,0.20060458419735086
DEMO,A,477,ARG,False,7.600402334500399,2.7457326915146356,3.2911747048133,False,trans,0.42317833075711353
DEMO,A,478,VAL,True,2.0140404675924883,-2.0065212733490267,1.794018486330034,False,g-/t,1.654163879472111
DEMO,A,479,TYR,False,0.6814278010656724,-0.6550592967643882,-0.821725902561646,False,gauche-,0.45233823067180967
DEMO,A,480,VAL,False,1.1494894174649521,1.5760662206000045,0.746603485517567,False,gauche+,0.6083246352055615
DEMO,A,481,TRP,False,7.600402334500399,3.192340585888708,3.2351312879428797,False,trans,0.10641817865973689
DEMO,A,482,ARG,False,7.600402334500399,3.0058867865168444,3.15672711239924,False,trans,0.13654718672120522
DEMO,A,483,PHE,False,0.9148674432054384,-1.0434414903333078,-0.9164551751453589,False,gauche-,0.13079631833018948
DEMO,A,484,LEU,False,7.600402334500399,3.124872425871609,2.756695021380023,False,trans,0.38526063034734714
DEMO,A,485,LYS,False,7.600402334500399,3.1896869034558346,2.6576436041074407,False,trans,0.4863329511405223
DEMO,A,486,PHE,False,1.0766119553540276,1.2859888031942532,0.9798179860798995,False,gauche+,0.2481154324622377
DEMO,A,487,PHE,False,7.600402334500399,3.1021249695283277,3.1113379968590906,False,trans,0.049729692730483374
DEMO,A,488,MET,False,0.8082813282888932,1.1659088956527701,0.45911982426374154,False,gauche+,0.5999398271636139
DEMO,A,489,TRP,False,0.7755710930423274,-0.8223750071993949,-0.857692258772026,False,gauche-,0.29403644696924314
DEMO,A,490,LYS,False,0.8255025879525504,-0.8302921418975799,-0.949209434636583,False,gauche-,0.2380118223327434
DEMO,A,491,MET,False,0.9556910015711585,-1.15432021888168,-0.8758741302714621,False,gauche-,0.20205687439297812
DEMO,A,492,ARG,False,0.9405993996195258,0.9244381758280222,1.0850551300437088,False,gauche+,0.12846423828072945
DEMO,A,493,ARG,True,2.4179390058238512,2.1274764710210743,2.143966261931893,False,trans,1.4225646027791192
DEMO,A,494,TRP,False,1.0757565777484854,-1.0798109439853505,-1.1961780801578874,False,gauche-,0.15250846336770682
DEMO,A,495,ILE,False,7.600402334500399,3.3609433389497814,3.517679682870324,False,trans,0.43538049653257493
DEMO,A,496,ARG,False,7.600402334500399,2.7628697201990358,3.184251395064381,False,trans,0.3811178669392131
DEMO,A,497,ILE,False,0.8221067331996107,-0.9153484175101166,-0.859683523671286,False,gauche-,0.22922849860486125
DEMO,A,498,ILE,False,0.9452861425250275,0.8268651681207172,1.1744561848843196,False,gauche+,0.25444276150042533
DEMO,A,499,TRP,False,7.600402334500399,3.1106077332225377,3.2817399106163725,False,trans,0.14353159562353948
