id,rank,crowding_distance,objective_0,objective_1,objective_2,z_0,z_1,z_2,z_3,z_4,z_5,z_6,z_7,z_8,z_9,z_10,z_11,z_12,z_13,z_14,z_15
0,0,inf,7.054062554280415,1.006933403740404,-2.6146365292965976,-2.5364809048784434,3.0,2.5962131681453453,-2.694605045040482,2.9773817145472816,2.3426741245861793,-2.9972907608651624,-2.982630340512194,-2.996522052099379,2.988536119565194,-2.649914914601382,2.8772376111031437,2.963563044687753,2.6129949425985917,0.5104462418896685,1.454388192762168
1,0,inf,4.574671162727809,3.779664044533125,-2.1182426705979367,-1.9626407653703883,-2.3270658297416773,-2.156010943363253,-2.8396118945190816,-2.9495434987627185,-2.6230197849399133,-1.5044606311525968,-1.1256963551958563,2.4539409236926915,-0.6184642796792377,1.3793446076137068,2.9814748364500496,1.994990720866871,-0.08657453696191564,2.0618748080701943,2.582675573167158
2,0,inf,0.7398290015832454,1.8346821679920966e-05,-0.8510548780914522,1.9182354886140673,0.46316481447977176,0.10837151317453296,-0.7523682504947742,1.417671041242812,-0.028514419249717093,-1.7128178677223957,-0.41656605549802606,-0.37297541530416567,0.9764877257500386,0.21043744197527958,0.5539821852679122,-0.8422210950960736,0.27278863517759544,0.09032553814496946,0.10820447405727562
3,0,inf,0.30574992337301055,0.13201855655588995,-0.533600825863467,0.5486848879429805,0.3318916761366098,-0.36500735663699624,0.015493888367360209,1.132937970794491,0.26855442064251656,0.3871251838141627,-0.6317421214386876,-0.4887523620580039,0.8518898696557817,0.11805929465680848,0.03764681373291351,-0.9090117850425831,0.39455776843281076,0.6904911472861569,-0.0630906494885668
4,0,inf,0.3223578187830062,0.07367996242383212,-0.49415127605337944,0.5486848879429805,0.4470797478792006,-0.011371348231175027,0.015493888367360209,1.39806789185438,0.3705817206893416,0.3871251838141627,-0.6241968420624346,-0.3592929245054888,0.8320572110053465,0.4598446708809001,0.03764681373291351,-0.40321262179506945,0.5744500806292085,0.6983632741062129,0.10216892680913582
5,0,0.0924814065521916,5.629357525142404,0.9128195810739994,-2.3566587323850907,-2.7464715851554753,3.0,-1.1221666095747573,-1.2275365564458218,2.866984138425322,2.838357849461343,-2.145547801741664,-2.916467130431689,-2.997248919214926,0.9585604386970007,-2.694157523628894,2.9415194255007115,1.948750364456442,2.4462683040935533,2.128948786437585,1.1170680767877796
6,0,0.09144348916963221,0.4370758079648277,0.229541525309156,-0.6545025318946502,0.565478695646363,0.28536173373830553,0.10837151317453296,-0.6776177892885176,-0.013810129829402884,0.2980071296045444,-1.6828290248951814,-0.5474147677440057,-0.698055530788317,0.7799447314078632,0.6419333593928284,0.1837891845875661,-0.9075278075846319,0.36930305385517015,0.33689609168160745,-0.5344035196722001
7,0,0.08994347122693735,4.234840785902749,0.5555716185302721,-2.0578407821265237,-2.9489128209615623,0.18794448405735986,2.538108235194895,-2.985867655573638,1.4377227142106506,2.1562182161436914,-2.304631760814174,-0.21091961582737095,-2.8678495588908888,0.821596339703751,-2.593190025272897,0.20510925300346128,2.842480027968097,0.5285240250434458,0.7225480495192179,2.6550166335978416
8,0,0.084208623939736,6.174889174341967,1.4964032608240132,-2.4774991675524958,-2.7474575155863987,3.0,-1.1639488822621618,-2.778712912342253,2.959649471617826,1.681658605056698,-2.4837853862381354,-2.9165363086055205,-2.8671965414602,2.9805148418459897,-2.5278307044409987,2.8772452410818157,2.604314494289917,2.435314210927995,0.5710111465314955,1.4487204694561453
9,0,0.08352111100229234,6.0160307869505365,1.3670734752079483,-2.448915760003058,-2.7474575155863987,3.0,-1.1639488822621618,-2.6997332786130825,2.959649471617826,1.681658605056698,-2.4837853862381354,-2.9165363086055205,-2.8671965414602,2.9805148418459897,-2.5278307044409987,2.824759057811841,2.604314494289917,2.3549134224743935,0.22174784869573116,0.9752120878161374
10,0,0.08153741987999498,1.9118226916329133,0.8534065918883309,-1.3485934398743902,-1.9574938807262414,-2.7823589816053276,0.13118379382418902,-0.969402403012808,1.4594532472762398,0.38400337301629844,-1.553199553650186,-0.5670369084523097,2.317116871151957,0.6456543732451434,0.6482306842117461,0.40872126980900547,-0.650346148954414,-0.0009635875305338271,-2.4981873213693166,0.10217528121291483
11,0,0.07820543368531348,5.436232184420815,0.6533154336667417,-2.330875112788302,-2.5364809048784434,3.0,2.5962131681453453,-2.694605045040482,1.175139549194095,2.2264605300544353,-2.941050514718752,-2.982630340512194,-2.83765097009599,2.988536119565194,-2.3570655433363514,2.8772376111031437,-0.21348121356262806,0.64545126181437,0.5104462418896685,1.4560964042005322
12,0,0.07712075832181527,6.6280299330995,2.3781130778850463,-2.5674055789783563,-2.943966433833608,-2.700901815830928,2.615918439767172,-2.694605045040482,-2.5377330801728997,2.3426741245861793,-2.2034254843195322,-2.917942287230655,-2.977284220492348,2.990704945171954,-2.5469617781329896,2.884018715756258,2.963563044687753,2.6153875221257636,0.6175894510648527,1.4379053608243768
13,0,0.07572200102655771,5.058671945999173,3.4203751025508753,-2.245004920314683,-1.9626407653703883,-2.3657313492746606,-2.156010943363253,-2.9130673569405268,-2.974822179471163,-2.6230197849399133,2.7360437648107965,-0.33046855674180725,2.4539409236926915,-0.48571410129431086,1.3810869613822019,2.9814748364500496,1.994990720866871,1.894469538032439,2.130889547889435,2.422145222096714
14,0,0.07569606706830145,6.511749151940145,1.7656586469221052,-2.5504381891106656,-2.9719913968361387,-2.7032208084248723,2.476311858212337,-2.6912046796604394,2.9773817145472816,1.4316170342219479,-1.9164554814963102,-2.995066477664792,-2.999357933369916,2.990704945171954,-2.649914914601382,2.863975448734154,2.963563044687753,2.615318744939246,0.5104462418896685,1.4379053608243768
15,0,0.07207375282797693,4.625702268044575,3.637490552097737,-2.1501955279966936,-1.7811212024174956,-2.349425018969187,-2.159215972929071,-2.9993553040430516,-2.9741194189979456,-2.6234579748383346,1.1697356921943498,-1.2217618068322706,1.1893562988505995,-0.49522045453090463,1.642225977736093,2.981414418824708,1.9949417339791238,1.939115322276403,2.3217749422275062,2.5875951705853573
16,0,0.07182686637926133,3.0933057619074917,2.4866001238647577,-1.758065057276527,-2.2991249868122168,0.13231265968043482,-2.183394623084248,-2.3814372106491577,-2.4611780722491194,0.37931231045444647,1.2007446148505498,-2.734675139038002,2.5005379438423803,1.8368642834749653,0.5648710217397241,0.41454104586526563,2.4217777020195617,1.5764373523258723,0.3750418670300152,-0.1447106722270355
17,0,0.06890352568294084,1.300769718617447,0.8128959093070418,-1.139716412084058,0.7638300431190114,0.46681383061994414,0.15078701024118635,-0.8374544723385628,1.4964211820850912,0.6237573361378642,1.3988372479718874,-0.4704716062698273,-0.4591900920465068,1.7475913565580763,-1.6764943883494192,-2.550815242294845,-0.846428060520069,-0.49443222176593404,0.6910605378459151,0.6780614076830427
18,0,0.06688102266071058,5.162234939783776,3.0925928622123458,-2.2694987179404866,-2.966619587085841,-2.3433873207233953,-2.156024372954713,-2.5550391491518276,1.3178282394035201,-2.7858063497999783,2.88577188024593,-2.905078211670497,2.167498125886799,-0.41922767818398077,1.5772289585147576,2.877283842574937,2.0681243551786404,1.8947137144436579,0.38176947943891504,2.6849972281082364
19,0,0.0659636072665484,2.443872516778714,1.4500320822647192,-1.563254004957722,-2.7239220463824103,-2.4989158085158456,-1.1352208745382937,-2.708876757882208,1.4749673393236955,0.777363838641663,1.3075905433249189,-0.37680265531846613,2.27133245261596,-0.6744093830615114,0.11723389348650581,0.22458581287709878,-0.32843643725926047,1.9494718539372538,0.7126643267819514,1.4439977173928111
20,0,0.06553084747222218,4.5062130830264415,3.761574121789115,-2.105084479293348,-1.9626407653703883,-2.3270647320986035,-2.156010943363253,-2.8396118945190816,-2.9794618959761574,-2.6230197849399133,-1.5044606311525968,-0.8424670100996485,2.4539409236926915,-0.42009835862277045,1.3810869613822019,2.9814748364500496,1.994990720866871,-0.08657453696191564,2.130889547889435,2.422145222096714
21,0,0.06540788742342771,2.797907853899149,1.5859685900762641,-1.659627197393095,-2.298623233236455,0.19042883877305006,-0.34797290365587075,-2.5755542941589087,-2.821615620880632,2.397079944183546,1.1920239368000223,-0.41023788549870965,2.4435547762075025,0.8806088625069128,0.6006036728939037,-0.5452117623966106,2.4595185384551375,1.944326168211699,0.37458791928464563,-0.1447106722270355
22,0,0.06394693049237385,2.028284419728765,0.47685954686808063,-1.4218594289841116,0.711539429123218,-2.4666528224395785,0.13538860903094463,-2.708617120821659,1.1409147561143245,0.24102637280707018,0.8103609338081491,-0.42133047387089273,2.2913838202418892,1.714271659249107,0.12131223019602788,0.21796687456206199,-0.30335076209569334,-0.08504390567141196,-2.819198125704388,0.12016426791862789
23,0,0.06354932349418624,3.232268886857611,2.6121413326396246,-1.7948070034629318,-1.888931479119315,-2.4666528224395785,-2.1817711464793814,-2.708617120821659,-0.6655076592636988,0.1891467781813807,0.8103609338081491,-0.6999631117521523,2.470881463441757,-1.0016535535140687,0.11178543264358619,2.8126376081471918,2.0614577350014325,0.6850024045010353,2.0807162765015144,2.0643676665082937
24,0,0.061789244148738806,0.37040304362893667,0.09065029682892037,-0.567432238617276,0.5486848879429805,0.3318916761366098,-0.35151417788497386,0.015493888367360209,1.39806789185438,0.4174795029036149,0.3871251838141627,-0.6241968420624346,-0.3998297667985353,0.8341974221230845,0.4598446708809001,0.03764681373291351,-0.9090117850425831,0.5744500806292085,0.6983632741062129,0.10216892680913582
25,0,0.0614599649355779,5.839244734537559,1.2751702567637675,-2.411207767106186,-2.911470390524186,-2.630710476966467,2.11668009312908,-2.9910399214155037,2.9773817145472816,2.3400634215146425,-2.304631760814174,-2.969980672696921,-2.82893877365904,-0.26324105728645675,-2.593190025272897,2.8807624300373385,2.59565286773286,1.9088136944540963,0.6218589120632111,1.505936012814781
26,0,0.06110097318952762,0.5073562927580488,0.22815379857355084,-0.7116207124430294,0.565478695646363,0.28536173373830553,0.10837151317453296,-0.7523682504947742,1.0612339302526217,0.29823408525612516,-1.6846431803686626,-0.5474147677440057,-0.7365570370328003,0.7799447314078632,0.6429313727876557,0.5006661114213455,-0.8422210950960736,0.36930305385517015,0.33689609168160745,0.10852091902414496
27,0,0.059966041373634954,4.627180367395691,3.541752779283081,-2.149467235236724,-1.7435203090615334,-2.3450204000608434,-2.156024372954713,-2.942795872321458,-2.880247524051846,-2.6142117480701157,1.1180983281058952,0.06464955881138446,2.473148510503969,-0.49522045453090463,1.1833222762405533,2.985487748413331,2.066731485856131,1.9128127828300394,2.1176284408711594,2.59103910447714
28,0,0.059948084198390955,6.307028027386838,2.002929762853567,-2.4935346576007045,-2.9720286716647024,-2.7032208084248723,2.5646445890181697,-2.694605045040482,2.9890910409918092,2.3812773011112562,-2.2034254843195322,-2.982630340512194,-0.49515152169914023,2.990704945171954,-2.649914914601382,2.8772376111031437,2.967888492695744,2.6153875221257636,0.7007711079196922,1.395617441272216
29,0,0.05960898583119692,2.7191113877024256,2.3714121730099853,-1.6239859452110077,-1.4403023974439302,-2.829368561397321,-1.1480852126081125,-2.6813167942354896,-0.7801736584524119,0.3140106188283198,-0.35751277407147386,-2.8506906367884266,2.156648237336163,0.872353001790934,0.650744770567417,0.18871714461429878,1.6365249266372128,0.8109388348459972,-1.3424228404990983,2.2243538926181117
30,0,0.05904116433837706,4.958300595459592,0.6095881211311016,-2.2184805960411733,-2.911470390524186,0.18794448405735986,2.5828935829824795,-2.985867655573638,2.7841987398314387,2.1562182161436914,-2.304631760814174,-0.416218689155633,-2.8678495588908888,-0.26324105728645675,-2.593190025272897,2.9074810237595035,2.8192481116160613,1.888997095757917,0.7226586951578197,1.3556672111550938
31,0,0.05848514851960962,4.135495682155061,2.5916364310564743,-2.0335830810770967,-1.77065609465107,-2.366321058244703,2.8785155868467944,-2.943329838851083,-2.974505299958822,-2.73206669562875,-0.46318029572910446,-0.04269069302207096,1.0319430139699586,-0.4840289759773513,1.2351532411862463,2.9781716827156597,2.1687735419692755,0.4646779448650443,0.2237817754302342,2.7003848350539204
32,0,0.05584334324481831,3.8704399245730787,0.25606055502847497,-1.962841748508855,-2.9489128209615623,0.18794448405735986,2.5828935829824795,-2.985867655573638,1.4349372674873586,2.1562182161436914,-2.304631760814174,-0.21091961582737095,-2.8678495588908888,-0.0405138094325701,-2.593190025272897,0.03050514046973629,2.8192481116160613,0.5336203729195885,0.7226586951578197,1.3556672111550938
33,0,0.054960937313989405,4.479544993046121,1.2211810640269407,-2.0715175043533143,-2.85170977721706,3.0,-1.1639488822621618,-0.9329324604517333,2.932433796454843,0.569896688436333,-2.4837853862381354,-0.4826393207259154,-0.8031415533054469,2.9805148418459897,-2.566214773071369,2.915579596584713,2.604314494289917,2.1520935482036005,0.09840492784815275,0.9752120878161374
34,0,0.05446178925208908,5.37647025901418,1.3243440505651285,-2.3185497575918323,-2.685099137210974,2.9399260167455337,-1.158565694389738,-2.6997332786130825,2.9838778093247837,0.27529709965050864,-2.2587577829487353,-2.9202104940636793,-2.8671965414602,3.0,-2.508530338349219,2.860799352953478,2.163507759331272,0.4775692388675822,0.507848518732064,1.4374889529406674
35,0,0.05337049210010349,4.828937129020835,3.3076060570178485,-2.195746806375908,-1.776939584822221,-2.365908978681573,-2.1560400085645766,-2.969999712185277,-2.984760731218673,-2.6230197849399133,2.6797849581518554,-0.3345998705356189,1.1868832133595213,-0.4856272656402378,1.6732195651160353,2.98159198922664,2.046931920255227,1.8546142651748567,2.1357751374836225,2.5359759183711272
36,0,0.05278656039113935,3.7355860013449664,3.0344451039517284,-1.929991691353819,-1.7852857665072943,-2.348853625212584,-2.1558385761759147,-2.9481647641867927,-0.6440617212757829,-2.6142117480701157,1.1421109215318603,0.04474986347829324,2.47087248698269,-0.294404851536618,1.1833222762405533,2.988091548679512,1.3978932136128446,0.795907389215755,1.84159242550152,2.5827309264992397
37,0,0.05258314641341763,2.271285488769709,1.297005463468518,-1.4992972282286448,-1.8922638317060358,-2.4989158085158456,0.00921308514188579,-2.708864784107618,1.5051961233361677,0.6904152142512072,1.3075905433249189,-0.37680265531846613,2.27133245261596,-0.6744093830615114,0.11723389348650581,0.22458581287709878,-0.32843643725926047,1.9494718539372538,0.7438314755279881,2.1080019260303233
38,0,0.05232949215786621,6.427852431820133,2.1518808707374095,-2.5207624877294807,-2.9465713784614413,-2.7102587534393408,2.5828935829824795,-2.9887281456794264,2.9773817145472816,-2.6083620043490416,-2.2034254843195322,-2.880930009193902,-2.8678495588908888,2.987180173199569,-2.578699306339938,2.8807624300373385,2.0666194675527794,1.889269009539908,0.6218589120632111,1.4379053608243768
39,0,0.05025908407236131,1.843176990075961,0.11623658387706565,-1.2950563293769564,1.9676338773641329,-2.184606421355599,0.1099224724970187,-0.7381809051441386,2.8421337556817985,0.31453739629852373,1.0161505573989964,-0.5330294360650636,-0.36499048839808823,1.0484287332438482,0.6396299524689044,2.870229794263969,-0.8702518437510004,-0.0785225349813494,0.37775507363299576,0.10217528121291483
40,0,0.04823583726502745,6.713130387450195,1.6154212137808261,-2.588833604943252,-2.9720286716647024,-2.7032208084248723,2.615918439767172,-2.694605045040482,2.9773817145472816,2.3426741245861793,-2.2034254843195322,-2.982630340512194,-2.999357933369916,2.9805148418459897,-2.649914914601382,2.8772376111031437,2.604314494289917,2.6153875221257636,0.4373466569675666,1.4379053608243768
41,0,0.047591183671865,3.6673452271381763,2.7406430850657286,-1.9085080788550626,-1.7563568656317654,-2.4960643243001432,-2.1893495668552845,-2.9104035557446433,-0.9036692526893022,-2.8282292794596198,1.1442066534452546,-0.2861526122068465,2.425285792308876,-1.2425114749398576,1.2432517653933066,2.056672124507346,-0.3877998345438366,0.7325202013672412,2.1741822524804713,2.6975250505099324
42,0,0.04755833298479136,2.053129834658578,1.6484792953409673,-1.4308969832966258,0.7246280677209418,-1.8277956237495814,-2.155519013638767,-2.6888908560178435,-0.6738524140484592,0.24102637280707018,0.8103609338081491,-0.42181642641263245,2.1022009432635524,-1.0016535535140687,1.1868588234755548,0.48542062585410983,-0.2950424246278637,0.6850024045010353,1.968820917736001,2.0643676665082937
43,0,0.047466410800818495,2.365948533387737,1.9261879916523308,-1.5253426311470188,-1.888931479119315,-2.4666528224395785,-2.1817711464793814,-2.708617120821659,-0.6738524140484592,0.24102637280707018,0.8103609338081491,-0.42181642641263245,2.264594990835678,-1.0016535535140687,0.11178543264358619,0.07473114353535637,-0.04839917173304176,0.6850024045010353,1.968820917736001,2.0643676665082937
44,0,0.047285215062374736,2.861041945718192,2.5362268671564028,-1.6874715399583236,-1.7579315384669187,-2.4666528224395785,-2.1817711464793814,-2.695474140291023,-0.8964746471604181,0.2201583685571682,-0.9209855846077688,-0.3746633799413087,2.4276020218141805,-0.7269799858674361,0.318528209314364,1.8616424206283504,-0.3000719359957563,0.7447282279391562,2.1777863537981528,2.71278473479098
45,0,0.04696832173103915,6.311837932481994,2.0821403378964227,-2.5077931415582504,-2.9746887952156,-2.7138992123176204,-1.1099861574933048,-2.699808992779491,2.9773817145472816,2.2747393533657982,-2.3079468133333485,-2.982630340512194,-2.9924440343006884,2.9805835798084286,-2.6522770253458026,2.877293372245241,2.1504245010988154,2.8087608557470114,0.5104462418896685,1.4374959682902286
46,0,0.04682542949494723,3.3000058042544085,2.331086856573207,-1.8155872311108867,0.6264593099952617,-2.18961727399694,-2.156024372954713,-0.8455822019958712,-2.880247524051846,-2.605771921767149,1.146159317729838,0.06352031707433536,0.3506460082729028,-0.49522045453090463,1.1794864296779208,2.9815047506406676,2.066731485856131,1.9027890715712277,-0.7693858933465156,2.59103910447714
47,0,0.04654565028204008,2.614868624264394,2.1893169979530445,-1.616130763416446,-1.4403023974439302,-2.829368561397321,-0.03830523453433443,-2.6946689959261634,-0.8993439194839082,0.3140106188283198,-0.35751277407147386,-0.3743310655398271,2.156648237336163,2.865346828897972,0.650744770567417,0.261051027273004,1.6296210394077906,0.7493706984543587,-1.3424228404990983,2.2243538926181117
48,0,0.04641535011229593,4.966690217184675,1.1717945100554816,-2.228141352136359,-2.5161182316666717,3.0,-1.1013266912825443,-1.3285460957106483,-2.7518975980953133,2.838276947873179,-2.145547801741664,-0.3174842729724334,-2.8131825071247376,-0.16358863340902852,-2.6525302077611945,2.9415305189014953,2.4672136168731673,2.524108767128775,2.0674677126464065,0.6806930695928732
49,0,0.04626799039864039,4.02611432044073,2.928786400721015,-1.9900485178633678,-1.9697554716288292,-2.366325583116947,-2.155929085398176,-2.942795872321458,-2.974505299958822,-2.6142117480701157,1.1873674508097398,0.06855832956311925,1.1023452121729218,-0.0770109084457632,1.2374446692460983,2.9822655473114406,2.0639319245874033,0.348640720199968,-0.7997084015554614,2.804785162130023
50,0,0.04619275073019968,4.611278066936405,3.48416567501686,-2.1389690594817803,-2.5888700375909135,-2.3326239202323498,-2.156010943363253,-2.9130673569405268,-2.974822179471163,-2.6320003153943583,1.237782099022961,-1.0968274933006286,2.433710120310157,-0.4853109406998621,1.578284070795973,2.973729954570355,2.0288494808487934,1.9503031347000983,2.130889547889435,-0.19357011555029668
51,0,0.04602837434599171,0.7883353586355331,0.1020409906208277,-0.8824774385813903,0.7778661626968136,0.46316481447977176,0.10837151317453296,-0.7523682504947742,1.4142217091214568,-0.028514419249717093,-1.8829000035544596,-0.47424478632562217,-0.37297541530416567,0.9764877257500386,-1.6461920814140807,0.5539821852679122,-0.8422210950960736,-0.5303561309221723,0.09032553814496946,0.5802180884549522
52,0,0.04539317549200053,3.4572539528148143,2.7701840417958725,-1.8585029068122165,-1.7864326432589983,-2.349425018969187,-2.159140880308089,-2.695676103997449,-2.880247524051846,0.26118416847326675,1.1421109215318603,-0.15908542657772928,2.4226532493966677,-0.294404851536618,1.1833222762405533,2.985487748413331,1.6595471189968936,0.8553704817536673,0.4893960801741506,2.2333877237701643
53,0,0.04520793557735388,1.1995955487814909,0.19512129361309927,-1.0952448694088053,1.903514943088229,-2.184606421355599,-2.0874249361350437,-0.7381809051441386,1.39614974914044,0.28445512654682437,1.0161505573989964,-0.4173448709944312,-0.36499048839808823,1.0869227001085837,0.002818425166213945,0.5479276320291016,-0.940402497320301,-0.0785225349813494,0.37775507363299576,0.10217528121291483
54,0,0.04484937982584979,6.846279296748991,1.6707384936115637,-2.613163396420306,-2.9720286716647024,-2.7032208084248723,2.615918439767172,-2.694605045040482,2.9773817145472816,2.3426741245861793,-2.2034254843195322,-2.982630340512194,-2.999357933369916,2.990704945171954,-2.649914914601382,2.8772376111031437,2.963563044687753,2.6153875221257636,0.5104462418896685,1.4379053608243768
55,0,0.04483812638062374,3.774148237576782,3.139189330103553,-1.9424087065810154,-1.7580372752918636,-2.6827821501503606,-2.1557442076911086,-2.670643506991298,-2.87923963734067,0.26957815164165533,-0.6291714327367606,-0.32745877880259694,2.4250967450525867,-0.4985670546615758,1.262611414456428,2.977214132224373,0.490733879204325,0.7493706984543587,2.1308347347610663,2.7427212539738592
56,0,0.04470726438816158,0.9935518566886066,0.3855780882830634,-0.9909077202549309,0.7674904440596644,0.4330224771791311,0.09380572037375945,-0.7900999887451353,1.5805085978788758,0.31453739629852373,-1.9399365285550414,1.9466043966223043,-1.0206557454456548,1.0538054291513874,0.5051733110202197,0.49854007832373304,-0.8598730601060236,-0.47724124020796,0.37775507363299576,-0.7561960375211223
57,0,0.04463194684356357,4.833039025602415,1.1073998875510727,-2.1901035409263474,-2.685099137210974,2.908076111372927,-1.158565694389738,-2.605815564832099,2.9838778093247837,-0.1297884406370413,-2.41073873123811,-2.85964025830464,-2.8671965414602,0.8301558476746185,-2.508530338349219,2.860799352953478,2.163507759331272,0.4778967433569455,0.507383418046128,1.4374889529406674
58,0,0.04411780652906451,0.6729119339278503,0.05652926498045582,-0.8000280987219691,1.017177952607148,1.2456815547567988,0.10857847443477393,-0.8600909992087851,1.2637263038038287,0.4902401656240377,-1.7122677878286763,-0.32882262202373885,-0.8066462117828161,0.7371337113019524,1.0324267640980056,0.2028946566851484,-0.20296740598964347,0.23326637516240933,0.3802720256617755,0.10007724687220233
59,0,0.04336234482213133,6.757110136151564,1.7033768644586262,-2.5940585706087576,-2.9720286716647024,-2.7032208084248723,2.615918439767172,-2.5502312992392433,2.9773817145472816,2.3426741245861793,-2.2034254843195322,-2.982630340512194,-2.999357933369916,2.9805148418459897,-2.649914914601382,2.8772376111031437,2.604314494289917,2.6153875221257636,1.2853656081912062,1.4379053608243768
60,0,0.04310515105825298,5.945842405160747,2.1621512262109723,-2.4364432750564484,-2.9479106817511793,2.374244611785068,-2.1858782063025415,-2.778712912342253,-0.6510804923352451,2.2112781130432726,-2.5391239458283654,-2.9147097453916544,-2.8666445314030615,3.0,-2.5278307044409987,2.8772452410818157,2.7553874174275226,2.4500972015894855,0.7726511809639424,1.4044107453461756
61,0,0.042678113215617014,3.347862915234598,1.0894004393975218,-1.8292482368507723,-2.781301311631416,-2.3858217388504497,0.2569046032799279,-1.441747485888307,1.649581333888033,1.3633481442113862,1.594612910459894,-2.9443630642043392,-2.9980625261954894,0.8024911734507165,1.1926167973645205,-0.2071755110206408,2.7481715837182032,1.7980061393990563,0.5455369131346287,0.14483233659390826
62,0,0.0422754027066131,2.8763181035015553,1.5257962468165465,-1.6783909177986038,-2.298623233236455,0.44474890179071386,-0.007830074002071946,-2.5755542941589087,-2.979234618425966,2.350182161969273,1.321853201141217,-0.41023788549870965,2.484091618500549,0.878468651389175,0.6006036728939037,-0.5452117623966106,2.4595185384551375,1.944326168211699,0.37458791928464563,-0.1447106722270355
63,0,0.0421894510666977,3.802496032426807,2.712949200990348,-1.8918635689429635,-1.6657852980452814,-2.3501064287223628,-2.159215972929071,-2.9067319360049084,-2.995648828730463,-2.625657581435994,1.2828486293302888,-1.2122783034308289,-0.6601302137123721,-0.5288315301294316,1.642225977736093,0.6468897191976055,-0.8776215002269989,1.939115322276403,2.3217749422275062,2.5875951705853573
64,0,0.04200955239936821,1.5788620494697954,0.17077327464539835,-1.2499216479518909,0.7951705431923992,0.45672439625989825,0.13545625926854243,-0.9706818895169662,1.4286776274213977,0.37833320318454977,-1.451292110162526,-0.4260603683519541,-0.4529003695847035,1.7938528533102365,0.5825269746832562,2.929227195382541,-0.6856605641381804,-0.07188445355396844,-2.4820129007539817,0.09936512311332861
65,0,0.041999067885885435,1.85694568896359,0.529947368858764,-1.3274295370833569,-1.9126229442329805,-2.7823589816053276,0.1310795997118379,-0.7479940534794163,1.4594532472762398,0.4425510628625813,0.9422170381785608,2.812048057537198,2.317116871151957,0.6577624527205939,0.6482306842117461,0.43564064056890806,0.10276248617283595,-0.09443791722791395,0.4147014783077635,0.10217528121291483
66,0,0.04166221809703808,3.5751008773263004,2.6608691382232816,-1.8859682831263787,-1.796451899719279,-2.366325565752652,-2.156024372954713,-2.566205814956665,1.4444639282400222,-2.7858063497999783,0.9949860597334661,-0.33212698614618796,1.1868832133595213,-0.49522045453090463,1.2392867172843358,2.985487748413331,2.066731485856131,1.8947137144436579,0.37860565659876066,2.466974023005435
67,0,0.04068339869848546,5.6971205560625995,2.118046803130711,-2.3792865354926636,-2.888144719341984,-1.959672534559413,-1.2595255719758036,-2.792210004318603,2.8662170652044865,0.8911986617924301,-1.9337991950277857,-2.9165906255116107,-2.892562279633882,2.9805148418459897,-2.8443255344125884,2.873286270503176,2.604314494289917,2.3898224499353127,0.39620590087999946,1.4445913578994831
68,0,0.03986636440255479,1.1404744207290096,0.7532962155736433,-1.064985786090235,-1.9126229442329805,-2.7966552677442524,0.1310795997118379,-0.7479940534794163,1.2488878635441385,0.4425510628625813,0.9607243126549659,-0.9731117068995465,1.127002213484095,-0.49515042845092283,0.6590717960078145,0.5391378895128502,0.10276248617283595,-0.2575666728624574,0.33013545441022285,0.3738358527320357
69,0,0.03968405875720283,1.4307870751789609,0.08514308616206562,-1.1799139895298392,-1.2567917195038225,-2.784398967216383,0.11005165966374046,-0.7479940534794163,1.5302710720976762,0.6260049407709365,0.9417847428269923,2.812048057537198,-0.44629388380338986,0.6774109269605627,0.6396124211193375,0.48024359831605756,0.10276248617283595,-0.019575331285584863,0.375784923300713,0.10217528121291483
70,0,0.03906028355887281,1.2495379654817922,0.32541806939311346,-1.117258799060574,1.903514943088229,-2.3709678657604414,0.10791494377748259,-0.4978248985378008,1.463001119972812,0.40650302504482383,1.0168896884970084,-0.4421789986146715,-0.3238223787337526,0.5230963027345386,0.6419499917683544,0.5094261679763946,-0.36073628014885095,-0.15913208756280683,-2.3451328769644357,0.4978585632530931
71,0,0.038985222120181705,2.520728039581627,0.2845912017555262,-1.573380434587105,-0.07050204562113693,0.45804391336845685,-0.06063498573214643,-1.2442500776033023,2.9340166038998943,0.2806812032520519,0.8892266350092939,-2.624084198838143,0.1616357409560043,0.8266721030808974,-2.5746975490240933,2.9999539086656526,-1.2998207196012095,1.9125301263165584,0.7107841245762326,0.10216892680913582
72,0,0.03896941924539121,3.5128674059905904,0.22704100705519414,-1.7616777756107245,0.7130487262504795,0.25069952875063906,2.702382196768009,-1.3774950071249483,1.4026122552081288,2.2705907672427434,0.8643728786706988,-2.6158829652562177,0.1273146531610132,3.0,-2.628632256340806,2.847889865217351,-1.2998207196012095,1.9079024418254869,0.7129501196910096,1.3590523329982407
73,0,0.038814522984899,0.9417820983775829,0.00044376354141656416,-0.9544836301129553,1.903514943088229,-2.184606421355599,0.1099224724970187,-0.7381809051441386,1.39614974914044,0.31453739629852373,1.0161505573989964,-0.41656605549802606,-0.36499048839808823,1.0484287332438482,0.6419499917683544,0.5479276320291016,-0.8702518437510004,-0.0785225349813494,0.37775507363299576,0.10217528121291483
74,0,0.0387691678557378,3.0188412004595353,0.9705425826634233,-1.7204864806144158,-1.562678076400435,0.6562529809556952,-2.156024372954713,-2.5661164391423705,1.3991163658585324,0.4033516207968574,0.9096455695370023,-2.905078211670497,-2.600001062096785,-0.18659744185624816,1.243616394619554,2.992671924939132,-1.3309749472345085,1.8947137144436579,0.23567157071881994,-0.3062900552461647
75,0,0.038413123443315766,4.104149785588129,2.9826930425476457,-2.017480307468556,-1.7435203090615334,-2.3450195309891626,-2.156024372954713,-2.9714931636235224,-2.9795689499990705,-2.605771921767149,1.3325208355867446,0.06464955881138446,1.1992656571751572,-0.4944338229588079,1.183592481635024,2.9815047506406676,2.066731485856131,1.859533073975793,-0.7693858933465156,2.4305087534066963
76,0,0.03754387497959895,3.1320643192150586,0.45340141147059076,-1.7199511302183492,0.7130487262504795,0.34481994787845505,0.15271164043127738,-1.256931096641477,1.067286171007592,0.2806812032520519,2.830902154207402,-2.6106670850846685,2.191708821833637,0.7757831796598211,-2.934327107920765,2.8761488730629017,-1.2998207196012095,0.1229928964768987,0.7068079884953813,2.7097690210591736
77,0,0.036956941355400244,0.7331010010581596,0.03037670865632483,-0.8494229642121651,1.903509872968688,0.46316481447977176,0.10837151317453296,-0.7523682504947742,1.417671041242812,-0.028514419249717093,-1.7128178677223957,-0.41656605549802606,-0.37310313457984984,0.9762626657436589,-0.034709468669554044,0.5479217522233201,-0.8422210950960736,0.27278863517759544,0.09032553814496946,0.10217208670622639
78,0,0.036798271407128345,1.817968723513013,1.2174018624903309,-1.3477161274638199,-2.304981133621987,0.4645323314311187,-0.4220914338672199,-2.381428861625411,1.4939673409670613,0.38043214510323753,1.0049723784773812,-2.7820277863992375,0.1329531889829379,1.765088245821195,0.5564920678650433,0.21063583561429988,1.6443671408697886,0.1931461152443335,0.586400171654762,0.10350711433523119
79,0,0.03666820132946879,2.1454972316265843,0.040542320313785574,-1.4548405176243397,0.7130487262504795,0.2847306256835196,-0.06063498573214643,-1.3398036584286788,1.4026122552081288,2.2705907672427434,0.8643728786706988,-2.6118934802598845,0.1273146531610132,0.8325232405306872,-2.934327107920765,0.4930896054401124,-1.2998207196012095,1.9079024418254869,0.7129501196910096,1.3590523329982407
80,0,0.0364529712399795,1.4057771271526585,0.15313821927788213,-1.0573438163093143,-1.9126229442329805,0.5530276778569088,0.1310795997118379,-0.7479940534794163,1.4605883000421884,0.4408718008747324,0.9422170381785608,2.812048057537198,2.291931931335422,0.6577624527205939,0.6487910496936389,0.44484166501376476,0.16118690438431582,-0.09443791722791395,0.6920698635793507,0.10217528121291483
81,0,0.03631840938772588,0.5599543778889524,0.029239503768480113,-0.7440519260952108,1.0198599070617902,0.48169137876812407,0.10837723486486822,-0.855468022243858,1.2637263038038287,0.6536868953838401,-1.8229604375786608,-0.32882262202373885,-0.80133117548581,0.7371337113019524,0.4085869979981018,0.2028946566851484,0.21050311875380812,-0.18347870881441578,0.07962082087304745,0.10007724687220233
82,0,0.0361336290832758,4.021523978522688,2.830339670245837,-1.9748752095881246,-1.7580372752918636,-2.518741432508306,-2.1817711464793814,-2.680060675407606,-0.8964746471604181,0.5835872495911243,1.2985551310414096,-0.38110882509139626,2.423549053793715,-1.2638187519422632,0.3692039303703072,2.9708057286358263,2.073117995745826,2.3981270208166796,2.1741822524804713,2.9634985107596954
83,0,0.03604335316179518,2.5943619618957694,1.986258414716656,-1.6049145250926775,-1.7567118709933216,-2.434894398383766,-2.1817711464793814,-2.6996974283179402,-0.770653886574183,0.2201583685571682,0.9660224831025358,-0.3788725392301978,2.4418059557022893,-0.7973720829941786,0.538843388529434,1.9309311506981983,-0.620743306072379,0.23161086832146766,0.38584967125546954,2.7427212539738592
84,0,0.03599327531346022,3.265741012148247,1.7449442470954397,-1.7336536311858306,-1.9126229442329805,-2.801271957754752,-2.054263237959959,-2.76162760466941,-2.7124592183068037,-2.572472353333561,0.9422170381785608,2.812048057537198,2.250725228805876,-0.40362890309760535,0.6482306842117461,0.4036620693059323,0.0032704614379963637,-0.0943114215176132,0.4358959814730362,-0.3447423443975566
85,0,0.035939862212296635,0.9103126223243215,0.3544282871874883,-0.9405090002928727,1.0198599070617902,-2.490277604717054,0.10837723486486822,-0.8616804237879259,1.2637263038038287,0.4101843075055607,-1.8229604375786608,-0.32882262202373885,-0.6764676396770363,0.8548273950831274,-0.256070441453975,0.25908373036722376,-0.04247195927566494,-0.18347870881441578,0.07962082087304745,0.09878976552626842
86,0,0.03549811791134734,2.2243197183752192,0.2908717234142674,-1.4671884981333376,2.1896256925558752,-2.468903868863557,0.09944641587671027,-0.8295534456460677,1.2833788395733736,0.8702627996784296,-1.9949307541702446,-0.12765303418171203,-2.6730660478840873,0.5659341004163632,-2.309399794723931,1.761553366005208,-1.2508486186151944,0.29021250203677607,0.1843412115513224,0.12597213872221047
87,0,0.035393154806278346,5.262873302404743,2.901893997196744,-2.2925673077512316,-1.9553372678135714,-2.941604447304451,-1.8011459925664592,-2.9014733111992186,-2.880247524051846,0.5973971983182116,2.5678020642635206,-2.962698204960561,2.4529484816260183,-0.8647833306273616,-0.4932819241944256,2.981786151766893,2.202491415200388,2.4485150835242084,-0.746296439169858,2.9564650541337176
88,0,0.03527002029161293,1.9928219917498682,0.2123582452157874,-1.3395690504739812,0.625937477889298,-2.2207606985102895,0.15078701024118635,-0.8374544723385628,1.4964211820850912,-2.6685106683703275,1.2103243543619624,-0.4704716062698273,-0.45925396055051215,1.7475913565580763,-1.6764943883494192,-2.550815242294845,-0.9411818382749266,-0.49443222176593404,-0.7530896769658791,0.7150825890056713
89,0,0.034595172060569473,5.6971205560625995,2.118046803130711,-2.3792865354926636,-2.888144719341984,-1.959672534559413,-1.2595255719758036,-2.792210004318603,2.8662170652044865,0.8911986617924301,-1.9337991950277857,-2.9165906255116107,-2.892562279633882,2.9805148418459897,-2.8443255344125884,2.873286270503176,2.604314494289917,2.3898224499353127,0.39620590087999946,1.4445913578994831
90,0,0.03291930790516502,4.536219286896693,2.2738611471663996,-2.072301847871118,-2.004749518444834,-2.4740337547040636,-1.6941516162545027,-2.9130673569405268,-2.9218218485889302,-2.914692220397851,2.7360437648107965,-0.84269770794334,2.293533515115321,-0.48571410129431086,-2.186336175861453,1.766228131587741,-1.386123973089546,0.6752879229165409,2.130889547889435,2.353954051604215
91,0,0.0320524957191366,2.5752002902703044,0.6989890298388022,-1.5851251643496695,2.1896256925558752,-2.5369095124325134,0.10590956597108803,-0.8295534456460677,1.2303785086911407,1.1722235624501196,-1.9949307541702446,-0.13144407309562994,-2.6730660478840873,0.5659341004163632,1.2065678975240797,2.962189068289466,2.135060912378056,0.29021250203677607,0.1843412115513224,0.12597213872221047
92,0,0.03150946723351797,2.381365590650814,0.40664024181617486,-1.485931941698075,0.7504966019756527,0.4657781661116467,0.11563938273995489,-0.8374544723385628,2.8697849755739093,0.6237573361378642,1.440066268928109,-0.4704716062698273,-0.4591900920465068,3.0,-1.6292316584865238,-2.550815242294845,2.479451656560876,-0.49443222176593404,0.6806308686792394,0.6780614076830427
93,0,0.03100581570769189,0.868765453139816,0.06796268840491085,-0.927134303457441,1.9182405587336084,-2.184606421355599,0.1099224724970187,-0.7381809051441386,0.5137270645253422,0.31453739629852373,1.0161505573989964,-0.4548325463258941,-0.7431205296897407,1.0486537932502276,0.6419499917683544,0.5539880650736936,-0.8702518437510004,-0.0785225349813494,0.37775507363299576,0.10820766856396406
94,0,0.03085849622346111,6.8238196945117835,1.6791204161893947,-2.6090725433988613,-2.9720286716647024,-2.7032208084248723,2.5646445890181697,-2.694605045040482,2.961600184673638,2.3426741245861793,-2.2034254843195322,-2.982630340512194,-2.999357933369916,2.990704945171954,-2.649914914601382,2.8772376111031437,2.963563044687753,2.6153875221257636,0.5104462418896685,1.4379053608243768
95,0,0.03076168978710222,1.68036438595656,0.06126627732747647,-1.2424529139706604,0.39662355099545554,0.4227788892398554,-2.019492895028329,-0.9783670022067825,0.9266911233656148,0.3790888714480473,-1.4145502631476092,-0.42527527470429105,-2.326514517038468,0.5902500424891279,0.18287195799219458,1.6956685277066479,-1.4145185440757824,0.7265158945316814,-2.6704452647392003,0.013538684475948908
96,0,0.030481991868235407,1.122811749309611,0.5146190449020004,-1.040031520702169,0.7674904440596644,-2.802898624928152,0.10832328318022959,-0.7523046292282655,1.040116736044225,0.31453739629852373,-1.9399365285550414,-0.41656605549802606,-1.144624886432735,1.0459299834522982,0.5051733110202197,0.498475455268644,-0.8702518437510004,-0.07845679510864077,0.37775507363299576,0.10171408250738004
97,0,0.030314210266308393,4.783824743703156,1.2473664590422797,-2.1315294232468016,0.7246389109224338,-1.9516284882439818,-1.2595255719758036,-2.7068949654125225,2.8617107918217335,0.9166158055046898,0.8366217106440348,-0.4884982055558835,-2.892562279633882,2.9805148418459897,-2.8443255344125884,2.851795980212877,2.6375928726951825,2.3898224499353127,1.9455052374917252,1.8436280919083217
98,0,0.03030643920604051,3.587553484610491,2.2906254141079208,-1.8523844810533017,-1.7567118709933216,-2.6917706623815243,-2.1431321088273814,-2.6527869676674722,-0.8181260462284116,0.21619741160868355,-2.0993257564776675,-0.3788725392301978,2.4418059557022893,-0.7973720829941786,-2.59663825309293,1.9412017251574163,-0.620743306072379,0.7445166810366788,2.14498279895532,2.7427212539738592
99,0,0.029850543136439398,1.6106505060353093,0.05457666076959983,-1.2262283893754855,0.7398239195026142,0.4218726034684438,-2.089185330668247,-0.9532732351884088,0.9266911233656148,0.3790888714480473,-1.3984810012780384,-0.42527527470429105,-2.0668751105042285,0.5905769886577162,0.18287195799219458,1.6956685277066479,-1.4145185440757824,0.7265158945316814,-2.5640222046370216,0.014430880117728417
