position,attention_score,status,drug_class,percentile
35,0.02674071267674337,KNOWN,pi,1.0
73,0.024666726148024544,KNOWN,pi,0.95
43,0.024501349649855036,KNOWN,pi,0.9
37,0.023747577087139232,KNOWN,pi,0.85
32,0.023644451946593467,KNOWN,pi,0.8
54,0.02298147666898199,KNOWN,pi,0.75
50,0.022750451405017105,KNOWN,pi,0.7
53,0.02260138757246301,KNOWN,pi,0.65
71,0.022302305571925887,KNOWN,pi,0.6
33,0.02224672065134282,KNOWN,pi,0.55
77,0.02217782893956244,KNOWN,pi,0.5
10,0.022109618869010635,KNOWN,pi,0.45
69,0.022025319545816765,KNOWN,pi,0.4
93,0.021622607410162236,KNOWN,pi,0.35
74,0.021102859352866713,KNOWN,pi,0.3
11,0.018725586759278358,KNOWN,pi,0.25
48,0.018554372118744524,KNOWN,pi,0.2
64,0.018504396945343535,KNOWN,pi,0.15
62,0.018172892569853702,KNOWN,pi,0.1
23,0.018114601689386216,KNOWN,pi,0.05
77,0.030193403006585903,KNOWN,nrti,1.0
67,0.028850879315235573,KNOWN,nrti,0.95
74,0.02657342958583824,KNOWN,nrti,0.9
70,0.024722088095140482,KNOWN,nrti,0.85
151,0.024315920000795337,KNOWN,nrti,0.8
44,0.023822785874373423,KNOWN,nrti,0.75
210,0.023046443457300853,KNOWN,nrti,0.7
69,0.022459181379973853,KNOWN,nrti,0.65
116,0.022173447268452877,KNOWN,nrti,0.6
115,0.021013881501936532,KNOWN,nrti,0.55
65,0.020594197876098466,KNOWN,nrti,0.5
219,0.019674653994062048,KNOWN,nrti,0.45
75,0.018552727381173452,KNOWN,nrti,0.4
62,0.017596630932945913,KNOWN,nrti,0.35
215,0.017409036864705747,KNOWN,nrti,0.3
105,0.01728119214648634,NOVEL_HIGH,nrti,0.25
143,0.01660856907509426,NOVEL_HIGH,nrti,0.2
208,0.015407009108851098,KNOWN,nrti,0.15
118,0.015137394877095743,KNOWN,nrti,0.1
145,0.014976004818400482,NOVEL_HIGH,nrti,0.05
225,0.024117912837402965,KNOWN,nnrti,1.0
106,0.022240529840912952,KNOWN,nnrti,0.95
181,0.02033088477740434,KNOWN,nnrti,0.9
108,0.02004363152966425,KNOWN,nnrti,0.85
230,0.0187224853420752,KNOWN,nnrti,0.8
190,0.018653956187174435,KNOWN,nnrti,0.75
236,0.018138236401142694,KNOWN,nnrti,0.7
221,0.01795493317175416,KNOWN,nnrti,0.65
103,0.017777066009807906,KNOWN,nnrti,0.6
179,0.01573807492605432,KNOWN,nnrti,0.55
238,0.014623300386453717,KNOWN,nnrti,0.5
240,0.014511437846812036,NOVEL_HIGH,nnrti,0.45
98,0.013556281036090124,KNOWN,nnrti,0.4
138,0.013503712490865053,KNOWN,nnrti,0.35
91,0.013381618008684518,NOVEL_HIGH,nnrti,0.3
227,0.013035695746295647,KNOWN,nnrti,0.25
289,0.012980746989328254,NOVEL_HIGH,nnrti,0.2
188,0.0119767192529662,KNOWN,nnrti,0.15
126,0.011366634232875738,NOVEL_HIGH,nnrti,0.1
100,0.010980418122142968,KNOWN,nnrti,0.05
147,0.025457128314409046,KNOWN,ini,1.0
148,0.024537050211158724,KNOWN,ini,0.95
92,0.023519639058231238,KNOWN,ini,0.9
263,0.023486859864103204,KNOWN,ini,0.85
97,0.022250899369083078,KNOWN,ini,0.8
66,0.02167472437059593,KNOWN,ini,0.75
157,0.021442333810106906,KNOWN,ini,0.7
140,0.021354514635284563,KNOWN,ini,0.65
74,0.02104671299249374,KNOWN,ini,0.6
163,0.020487042607079068,KNOWN,ini,0.55
138,0.019459390056273698,KNOWN,ini,0.5
14,0.018959222050820432,NOVEL_HIGH,ini,0.45
121,0.017011378485888514,KNOWN,ini,0.4
155,0.01631828555577083,KNOWN,ini,0.35
208,0.01608162699658514,NOVEL_HIGH,ini,0.3
161,0.01529648361586416,NOVEL_HIGH,ini,0.25
232,0.015251466439864789,NOVEL_HIGH,ini,0.2
151,0.014657759024221931,KNOWN,ini,0.15
152,0.014136702683261148,NOVEL_HIGH,ini,0.1
135,0.013345097719351743,NOVEL_HIGH,ini,0.05
